t,Tmax_polymer,Tmax_steel
0.000,230.000000,50.000000
0.010,229.999999,52.933107
0.020,229.999991,54.022506
0.030,229.999958,54.974869
0.040,229.999857,55.607787
0.050,229.999620,56.134626
0.060,229.999145,56.538007
0.070,229.998301,56.872627
0.080,229.996922,57.143103
0.090,229.994813,57.369064
0.100,229.991752,57.556585
0.110,229.987493,57.714647
0.120,229.981771,57.847879
0.130,229.974302,57.961150
0.140,229.964790,58.057672
0.150,229.952931,58.140387
0.160,229.938414,58.211486
0.170,229.920926,58.272868
0.180,229.900155,58.326034
0.190,229.875793,58.372259
0.200,229.847535,58.412584
0.210,229.815088,58.447890
0.220,229.778167,58.478906
0.230,229.736498,58.506250
0.240,229.689820,58.530441
0.250,229.637888,58.551918
0.260,229.580469,58.571052
0.270,229.517349,58.588162
0.280,229.448327,58.603515
0.290,229.373219,58.617342
0.300,229.291860,58.629839
0.310,229.204098,58.641175
0.320,229.109800,58.651494
0.330,229.008848,58.660921
0.340,228.901142,58.669563
0.350,228.786593,58.677513
0.360,228.665133,58.684849
0.370,228.536704,58.691642
0.380,228.401265,58.697952
0.390,228.258786,58.703830
0.400,228.109253,58.709322
0.410,227.952660,58.714467
0.420,227.789017,58.719301
0.430,227.618343,58.723852
0.440,227.440668,58.728148
0.450,227.256029,58.732211
0.460,227.064477,58.736062
0.470,226.866067,58.739719
0.480,226.660864,58.743197
0.490,226.448941,58.746510
0.500,226.230376,58.749671
0.510,226.005254,58.752690
0.520,225.773664,58.755578
0.530,225.535704,58.758341
0.540,225.291472,58.760989
0.550,225.041073,58.763527
0.560,224.784616,58.765962
0.570,224.522210,58.768299
0.580,224.253970,58.770543
0.590,223.980013,58.772698
0.600,223.700457,58.774767
0.610,223.415423,58.776755
0.620,223.125031,58.778665
0.630,222.829406,58.780498
0.640,222.528670,58.782258
0.650,222.222948,58.783947
0.660,221.912365,58.785566
0.670,221.597045,58.787119
0.680,221.277114,58.788605
0.690,220.952695,58.790027
0.700,220.623912,58.791386
0.710,220.290889,58.792683
0.720,219.953748,58.793919
0.730,219.612611,58.795095
0.740,219.267597,58.796212
0.750,218.918828,58.797271
0.760,218.566420,58.798272
0.770,218.210490,58.799217
0.780,217.851153,58.800105
0.790,217.488523,58.800936
0.800,217.122713,58.801713
0.810,216.753832,58.802434
0.820,216.381989,58.803100
0.830,216.007292,58.803711
0.840,215.629844,58.804269
0.850,215.249751,58.804772
0.860,214.867112,58.805221
0.870,214.482029,58.805616
0.880,214.094597,58.805957
0.890,213.704914,58.806245
0.900,213.313073,58.806479
0.910,212.919167,58.806660
0.920,212.523284,58.806786
0.930,212.125514,58.806860
0.940,211.725943,58.806879
0.950,211.324655,58.806846
0.960,210.921732,58.806758
0.970,210.517256,58.806617
0.980,210.111304,58.806421
0.990,209.703955,58.806172
1.000,209.295283,58.805869
1.010,208.885361,58.805511
1.020,208.474261,58.805100
1.030,208.062053,58.804634
1.040,207.648805,58.804113
1.050,207.234583,58.803538
1.060,206.819452,58.802908
1.070,206.403476,58.802223
1.080,205.986714,58.801483
1.090,205.569229,58.800688
1.100,205.151076,58.799837
1.110,204.732315,58.798931
1.120,204.312999,58.797969
1.130,203.893182,58.796952
1.140,203.472917,58.795878
1.150,203.052254,58.794748
1.160,202.631244,58.793562
1.170,202.209934,58.792319
1.180,201.788370,58.791020
1.190,201.366599,58.789664
1.200,200.944665,58.788251
1.210,200.522610,58.786781
1.220,200.100476,58.785254
1.230,199.678305,58.783669
1.240,199.256134,58.782027
1.250,198.834002,58.780327
1.260,198.411947,58.778570
1.270,197.990004,58.776755
1.280,197.568209,58.774881
1.290,197.146594,58.772950
1.300,196.725194,58.770961
1.310,196.304040,58.768913
1.320,195.883162,58.766807
1.330,195.462591,58.764642
1.340,195.042355,58.762419
1.350,194.622484,58.760137
1.360,194.203004,58.757796
1.370,193.783941,58.755397
1.380,193.365322,58.752938
1.390,192.947170,58.750421
1.400,192.529511,58.747845
1.410,192.112366,58.745210
1.420,191.695759,58.742516
1.430,191.279712,58.739762
1.440,190.864245,58.736950
1.450,190.449378,58.734079
1.460,190.035132,58.731148
1.470,189.621526,58.728158
1.480,189.208577,58.725109
1.490,188.796303,58.722001
1.500,188.384722,58.718834
1.510,187.973851,58.715608
1.520,187.563704,58.712322
1.530,187.154298,58.708978
1.540,186.745647,58.705574
1.550,186.337767,58.702112
1.560,185.930669,58.698591
1.570,185.524369,58.695010
1.580,185.118879,58.691371
1.590,184.714210,58.687674
1.600,184.310376,58.683917
1.610,183.907387,58.680102
1.620,183.505255,58.676229
1.630,183.103990,58.672297
1.640,182.703602,58.668307
1.650,182.304102,58.664258
1.660,181.905498,58.660152
1.670,181.507800,58.655987
1.680,181.111016,58.651765
1.690,180.715155,58.647485
1.700,180.320224,58.643148
1.710,179.926232,58.638753
1.720,179.533185,58.634300
1.730,179.141090,58.629791
1.740,178.749955,58.625224
1.750,178.359785,58.620601
1.760,177.970587,58.615920
1.770,177.582366,58.611184
1.780,177.195129,58.606391
1.790,176.808879,58.601541
1.800,176.423623,58.596636
1.810,176.039364,58.591675
1.820,175.656108,58.586658
1.830,175.273859,58.581586
1.840,174.892621,58.576459
1.850,174.512397,58.571277
1.860,174.133191,58.566039
1.870,173.755007,58.560747
1.880,173.377847,58.555401
1.890,173.001715,58.550001
1.900,172.626614,58.544546
1.910,172.252546,58.539038
1.920,171.879513,58.533476
1.930,171.507518,58.527861
1.940,171.136562,58.522193
1.950,170.766648,58.516472
1.960,170.397778,58.510699
1.970,170.029953,58.504873
1.980,169.663174,58.498995
1.990,169.297443,58.493065
2.000,168.932761,58.487084
2.010,168.569128,58.481051
2.020,168.206546,58.474967
2.030,167.845016,58.468832
2.040,167.484538,58.462647
2.050,167.125112,58.456412
2.060,166.766740,58.450126
2.070,166.409420,58.443791
2.080,166.053154,58.437406
2.090,165.697941,58.430972
2.100,165.343782,58.424489
2.110,164.990676,58.417958
2.120,164.638622,58.411378
2.130,164.287621,58.404749
2.140,163.937672,58.398073
2.150,163.588775,58.391350
2.160,163.240928,58.384579
2.170,162.894132,58.377762
2.180,162.548385,58.370897
2.190,162.203687,58.363986
2.200,161.860036,58.357030
2.210,161.517432,58.350027
2.220,161.175873,58.342979
2.230,160.835358,58.335885
2.240,160.495887,58.328747
2.250,160.157457,58.321564
2.260,159.820068,58.314337
2.270,159.483717,58.307065
2.280,159.148405,58.299750
2.290,158.814128,58.292392
2.300,158.480885,58.284990
2.310,158.148676,58.277545
2.320,157.817497,58.270058
2.330,157.487348,58.262529
2.340,157.158227,58.254958
2.350,156.830131,58.247345
2.360,156.503060,58.239691
2.370,156.177010,58.231996
2.380,155.851980,58.224260
2.390,155.527969,58.216484
2.400,155.204973,58.208668
2.410,154.882991,58.200811
2.420,154.562022,58.192916
2.430,154.242062,58.184981
2.440,153.923109,58.177007
2.450,153.605162,58.168995
2.460,153.288219,58.160944
2.470,152.972276,58.152856
2.480,152.657331,58.144729
2.490,152.343383,58.136566
2.500,152.030429,58.128365
2.510,151.718467,58.120128
2.520,151.407494,58.111854
2.530,151.097507,58.103544
2.540,150.788506,58.095198
2.550,150.480486,58.086817
2.560,150.173445,58.078400
2.570,149.867382,58.069949
2.580,149.562293,58.061463
2.590,149.258176,58.052942
2.600,148.955028,58.044388
2.610,148.652848,58.035800
2.620,148.351632,58.027178
2.630,148.051377,58.018523
2.640,147.752082,58.009836
2.650,147.453743,58.001116
2.660,147.156358,57.992363
2.670,146.859924,57.983579
2.680,146.564439,57.974763
2.690,146.269900,57.965916
2.700,145.976305,57.957038
2.710,145.683650,57.948129
2.720,145.391933,57.939189
2.730,145.101151,57.930220
2.740,144.811302,57.921220
2.750,144.522383,57.912191
2.760,144.234391,57.903133
2.770,143.947324,57.894045
2.780,143.661178,57.884929
2.790,143.375951,57.875785
2.800,143.091641,57.866612
2.810,142.808244,57.857412
2.820,142.525758,57.848183
2.830,142.244181,57.838928
2.840,141.963508,57.829646
2.850,141.683738,57.820337
2.860,141.404868,57.811001
2.870,141.126895,57.801639
2.880,140.849817,57.792252
2.890,140.573630,57.782839
2.900,140.298332,57.773400
2.910,140.023920,57.763937
2.920,139.750392,57.754448
2.930,139.477744,57.744936
2.940,139.205974,57.735399
2.950,138.935079,57.725838
2.960,138.665056,57.716253
2.970,138.395903,57.706645
2.980,138.127617,57.697014
2.990,137.860195,57.687360
3.000,137.593634,57.677683
3.010,137.327932,57.667984
3.020,137.063085,57.658263
3.030,136.799092,57.648520
3.040,136.535949,57.638755
3.050,136.273654,57.628969
3.060,136.012204,57.619162
3.070,135.751596,57.609335
3.080,135.491828,57.599487
3.090,135.232896,57.589618
3.100,134.974798,57.579730
3.110,134.717532,57.569821
3.120,134.461094,57.559894
3.130,134.205482,57.549947
3.140,133.950694,57.539981
3.150,133.696726,57.529996
3.160,133.443575,57.519992
3.170,133.191240,57.509971
3.180,132.939718,57.499931
3.190,132.689005,57.489874
3.200,132.439099,57.479799
3.210,132.189998,57.469707
3.220,131.941699,57.459597
3.230,131.694198,57.449471
3.240,131.447495,57.439329
3.250,131.201585,57.429170
3.260,130.956466,57.418994
3.270,130.712136,57.408803
3.280,130.468592,57.398597
3.290,130.225831,57.388375
3.300,129.983851,57.378137
3.310,129.742650,57.367885
3.320,129.502223,57.357618
3.330,129.262570,57.347337
3.340,129.023687,57.337041
3.350,128.785572,57.326731
3.360,128.548222,57.316407
3.370,128.311634,57.306070
3.380,128.075807,57.295720
3.390,127.840737,57.285356
3.400,127.606422,57.274979
3.410,127.372860,57.264590
3.420,127.140048,57.254188
3.430,126.907983,57.243773
3.440,126.676662,57.233347
3.450,126.446085,57.222909
3.460,126.216247,57.212459
3.470,125.987146,57.201997
3.480,125.758780,57.191525
3.490,125.531147,57.181041
3.500,125.304243,57.170546
3.510,125.078067,57.160041
3.520,124.852616,57.149525
3.530,124.627887,57.139000
3.540,124.403879,57.128464
3.550,124.180588,57.117918
3.560,123.958012,57.107363
3.570,123.736149,57.096798
3.580,123.514997,57.086224
3.590,123.294552,57.075641
3.600,123.074813,57.065049
3.610,122.855777,57.054448
3.620,122.637442,57.043839
3.630,122.419805,57.033222
3.640,122.202864,57.022596
3.650,121.986617,57.011963
3.660,121.771061,57.001322
3.670,121.556194,56.990673
3.680,121.342014,56.980017
3.690,121.128518,56.969354
3.700,120.915703,56.958684
3.710,120.703569,56.948007
3.720,120.492112,56.937324
3.730,120.281329,56.926634
3.740,120.071220,56.915938
3.750,119.861780,56.905235
3.760,119.653009,56.894527
3.770,119.444904,56.883813
3.780,119.237462,56.873094
3.790,119.030682,56.862369
3.800,118.824561,56.851639
3.810,118.619096,56.840903
3.820,118.414286,56.830163
3.830,118.210129,56.819419
3.840,118.006622,56.808669
3.850,117.803762,56.797915
3.860,117.601548,56.787157
3.870,117.399978,56.776395
3.880,117.199049,56.765630
3.890,116.998759,56.754860
3.900,116.799106,56.744087
3.910,116.600088,56.733310
3.920,116.401703,56.722530
3.930,116.203948,56.711747
3.940,116.006821,56.700961
3.950,115.810321,56.690172
3.960,115.614444,56.679381
3.970,115.419190,56.668587
3.980,115.224555,56.657791
3.990,115.030538,56.646992
4.000,114.837137,56.636192
4.010,114.644349,56.625389
4.020,114.452172,56.614585
4.030,114.260605,56.603779
4.040,114.069645,56.592972
4.050,113.879290,56.582164
4.060,113.689538,56.571354
4.070,113.500388,56.560543
4.080,113.311836,56.549732
4.090,113.123882,56.538919
4.100,112.936522,56.528106
4.110,112.749755,56.517293
4.120,112.563580,56.506479
4.130,112.377993,56.495665
4.140,112.192993,56.484851
4.150,112.008578,56.474038
4.160,111.824745,56.463224
4.170,111.641494,56.452410
4.180,111.458822,56.441598
4.190,111.276727,56.430785
4.200,111.095206,56.419974
4.210,110.914259,56.409163
4.220,110.733883,56.398353
4.230,110.554076,56.387545
4.240,110.374837,56.376738
4.250,110.196162,56.365932
4.260,110.018052,56.355127
4.270,109.840502,56.344324
4.280,109.663513,56.333523
4.290,109.487080,56.322724
4.300,109.311204,56.311927
4.310,109.135882,56.301131
4.320,108.961112,56.290338
4.330,108.786892,56.279548
4.340,108.613220,56.268760
4.350,108.440095,56.257974
4.360,108.267514,56.247191
4.370,108.095476,56.236411
4.380,107.923979,56.225634
4.390,107.753021,56.214859
4.400,107.582600,56.204088
4.410,107.412715,56.193320
4.420,107.243363,56.182556
4.430,107.074544,56.171795
4.440,106.906254,56.161037
4.450,106.738492,56.150284
4.460,106.571257,56.139534
4.470,106.404547,56.128787
4.480,106.238359,56.118045
4.490,106.072693,56.107307
4.500,105.907546,56.096574
4.510,105.742917,56.085844
4.520,105.578803,56.075119
4.530,105.415204,56.064398
4.540,105.252117,56.053682
4.550,105.089541,56.042971
4.560,104.927473,56.032265
4.570,104.765913,56.021563
4.580,104.604858,56.010866
4.590,104.444308,56.000175
4.600,104.284259,55.989489
4.610,104.124711,55.978808
4.620,103.965661,55.968132
4.630,103.807109,55.957462
4.640,103.649052,55.946797
4.650,103.491488,55.936138
4.660,103.334417,55.925485
4.670,103.177836,55.914838
4.680,103.021744,55.904197
4.690,102.866139,55.893561
4.700,102.711019,55.882932
4.710,102.556383,55.872309
4.720,102.402230,55.861692
4.730,102.248557,55.851082
4.740,102.095363,55.840478
4.750,101.942646,55.829880
4.760,101.790406,55.819289
4.770,101.638639,55.808705
4.780,101.487345,55.798128
4.790,101.336522,55.787558
4.800,101.186168,55.776994
4.810,101.036282,55.766438
4.820,100.886863,55.755888
4.830,100.737908,55.745346
4.840,100.589416,55.734811
4.850,100.441386,55.724283
4.860,100.293817,55.713763
4.870,100.146705,55.703251
4.880,100.000051,55.692746
4.890,99.853852,55.682248
4.900,99.708107,55.671758
4.910,99.562814,55.661276
4.920,99.417972,55.650802
4.930,99.273580,55.640336
4.940,99.129636,55.629878
4.950,98.986137,55.619428
4.960,98.843084,55.608986
4.970,98.700475,55.598553
4.980,98.558307,55.588127
4.990,98.416580,55.577710
5.000,98.275292,55.567302
5.010,98.134441,55.556902
5.020,97.994026,55.546510
5.030,97.854046,55.536127
5.040,97.714499,55.525753
5.050,97.575384,55.515388
5.060,97.436700,55.505031
5.070,97.298444,55.494683
5.080,97.160615,55.484345
5.090,97.023213,55.474015
5.100,96.886235,55.463694
5.110,96.749680,55.453383
5.120,96.613548,55.443080
5.130,96.477835,55.432787
5.140,96.342542,55.422504
5.150,96.207666,55.412229
5.160,96.073206,55.401964
5.170,95.939161,55.391709
5.180,95.805530,55.381463
5.190,95.672311,55.371227
5.200,95.539502,55.361000
5.210,95.407103,55.350784
5.220,95.275111,55.340577
5.230,95.143527,55.330379
5.240,95.012347,55.320192
5.250,94.881572,55.310015
5.260,94.751199,55.299847
5.270,94.621228,55.289690
5.280,94.491656,55.279543
5.290,94.362483,55.269405
5.300,94.233708,55.259279
5.310,94.105328,55.249162
5.320,93.977343,55.239056
5.330,93.849752,55.228960
5.340,93.722552,55.218874
5.350,93.595744,55.208799
5.360,93.469325,55.198734
5.370,93.343294,55.188680
5.380,93.217650,55.178637
5.390,93.092391,55.168604
5.400,92.967517,55.158582
5.410,92.843026,55.148571
5.420,92.718917,55.138570
5.430,92.595189,55.128580
5.440,92.471840,55.118601
5.450,92.348869,55.108633
5.460,92.226275,55.098676
5.470,92.104056,55.088730
5.480,91.982212,55.078795
5.490,91.860741,55.068871
5.500,91.739642,55.058959
5.510,91.618913,55.049057
5.520,91.498554,55.039167
5.530,91.378564,55.029288
5.540,91.258940,55.019420
5.550,91.139682,55.009563
5.560,91.020789,54.999718
5.570,90.902259,54.989884
5.580,90.784092,54.980062
5.590,90.666285,54.970251
5.600,90.548839,54.960452
5.610,90.431751,54.950664
5.620,90.315020,54.940888
5.630,90.198646,54.931124
5.640,90.082627,54.921371
5.650,89.966962,54.911630
5.660,89.851650,54.901900
5.670,89.736690,54.892183
5.680,89.622080,54.882477
5.690,89.507820,54.872783
5.700,89.393908,54.863101
5.710,89.280343,54.853431
5.720,89.167124,54.843772
5.730,89.054250,54.834126
5.740,88.941719,54.824492
5.750,88.829531,54.814870
5.760,88.717685,54.805259
5.770,88.606179,54.795661
5.780,88.495012,54.786075
5.790,88.384184,54.776501
5.800,88.273692,54.766940
5.810,88.163537,54.757390
5.820,88.053716,54.747853
5.830,87.944229,54.738328
5.840,87.835075,54.728816
5.850,87.726252,54.719315
5.860,87.617760,54.709827
5.870,87.509597,54.700352
5.880,87.401763,54.690889
5.890,87.294256,54.681438
5.900,87.187075,54.672000
5.910,87.080219,54.662574
5.920,86.973688,54.653161
5.930,86.867479,54.643760
5.940,86.761593,54.634372
5.950,86.656027,54.624996
5.960,86.550782,54.615633
5.970,86.445855,54.606283
5.980,86.341246,54.596945
5.990,86.236954,54.587620
6.000,86.132978,54.578308
6.010,86.029316,54.569008
6.020,85.925969,54.559721
6.030,85.822933,54.550447
6.040,85.720210,54.541186
6.050,85.617798,54.531937
6.060,85.515695,54.522701
6.070,85.413900,54.513478
6.080,85.312414,54.504268
6.090,85.211234,54.495071
6.100,85.110360,54.485887
6.110,85.009790,54.476716
6.120,84.909525,54.467557
6.130,84.809562,54.458412
6.140,84.709901,54.449279
6.150,84.610540,54.440160
6.160,84.511480,54.431053
6.170,84.412718,54.421960
6.180,84.314254,54.412880
6.190,84.216087,54.403812
6.200,84.118216,54.394758
6.210,84.020640,54.385717
6.220,83.923359,54.376689
6.230,83.826370,54.367674
6.240,83.729673,54.358672
6.250,83.633268,54.349683
6.260,83.537153,54.340708
6.270,83.441327,54.331746
6.280,83.345790,54.322797
6.290,83.250540,54.313861
6.300,83.155577,54.304938
6.310,83.060900,54.296029
6.320,82.966507,54.287132
6.330,82.872398,54.278250
6.340,82.778572,54.269380
6.350,82.685028,54.260524
6.360,82.591765,54.251681
6.370,82.498782,54.242851
6.380,82.406079,54.234034
6.390,82.313654,54.225231
6.400,82.221506,54.216442
6.410,82.129635,54.207665
6.420,82.038040,54.198902
6.430,81.946719,54.190152
6.440,81.855673,54.181416
6.450,81.764900,54.172693
6.460,81.674398,54.163984
6.470,81.584169,54.155288
6.480,81.494209,54.146605
6.490,81.404519,54.137936
6.500,81.315098,54.129280
6.510,81.225945,54.120638
6.520,81.137059,54.112009
6.530,81.048439,54.103394
6.540,80.960084,54.094792
6.550,80.871994,54.086203
6.560,80.784167,54.077628
6.570,80.696603,54.069067
6.580,80.609301,54.060519
6.590,80.522261,54.051984
6.600,80.435480,54.043463
6.610,80.348959,54.034956
6.620,80.262696,54.026462
6.630,80.176692,54.017982
6.640,80.090944,54.009515
6.650,80.005452,54.001061
6.660,79.920216,53.992622
6.670,79.835234,53.984195
6.680,79.750506,53.975783
6.690,79.666031,53.967384
6.700,79.581808,53.958998
6.710,79.497836,53.950626
6.720,79.414115,53.942268
6.730,79.330643,53.933923
6.740,79.247420,53.925591
6.750,79.164446,53.917274
6.760,79.081718,53.908970
6.770,78.999237,53.900679
6.780,78.917002,53.892402
6.790,78.835012,53.884139
6.800,78.753266,53.875889
6.810,78.671764,53.867653
6.820,78.590504,53.859430
6.830,78.509486,53.851221
6.840,78.428709,53.843026
6.850,78.348173,53.834844
6.860,78.267876,53.826676
6.870,78.187817,53.818521
6.880,78.107997,53.810380
6.890,78.028415,53.802253
6.900,77.949068,53.794139
6.910,77.869958,53.786039
6.920,77.791083,53.777952
6.930,77.712441,53.769879
6.940,77.634034,53.761820
6.950,77.555859,53.753774
6.960,77.477917,53.745742
6.970,77.400205,53.737723
6.980,77.322725,53.729718
6.990,77.245474,53.721727
7.000,77.168453,53.713749
7.010,77.091660,53.705784
7.020,77.015094,53.697834
7.030,76.938756,53.689897
7.040,76.862644,53.681973
7.050,76.786758,53.674064
7.060,76.711096,53.666167
7.070,76.635659,53.658285
7.080,76.560445,53.650415
7.090,76.485454,53.642560
7.100,76.410684,53.634718
7.110,76.336137,53.626889
7.120,76.261810,53.619075
7.130,76.187702,53.611273
7.140,76.113814,53.603486
7.150,76.040145,53.595711
7.160,75.966694,53.587951
7.170,75.893459,53.580204
7.180,75.820442,53.572470
7.190,75.747640,53.564750
7.200,75.675053,53.557044
7.210,75.602681,53.549351
7.220,75.530522,53.541672
7.230,75.458577,53.534006
7.240,75.386844,53.526353
7.250,75.315323,53.518715
7.260,75.244013,53.511089
7.270,75.172914,53.503477
7.280,75.102024,53.495879
7.290,75.031344,53.488294
7.300,74.960872,53.480723
7.310,74.890607,53.473165
7.320,74.820551,53.465621
7.330,74.750700,53.458090
7.340,74.681056,53.450572
7.350,74.611616,53.443068
7.360,74.542382,53.435578
7.370,74.473351,53.428100
7.380,74.404524,53.420637
7.390,74.335899,53.413187
7.400,74.267477,53.405750
7.410,74.199255,53.398326
7.420,74.131235,53.390916
7.430,74.063415,53.383520
7.440,73.995794,53.376136
7.450,73.928373,53.368766
7.460,73.861149,53.361410
7.470,73.794123,53.354067
7.480,73.727295,53.346737
7.490,73.660663,53.339421
7.500,73.594226,53.332118
7.510,73.527985,53.324828
7.520,73.461939,53.317552
7.530,73.396086,53.310288
7.540,73.330427,53.303039
7.550,73.264961,53.295802
7.560,73.199687,53.288579
7.570,73.134604,53.281369
7.580,73.069713,53.274173
7.590,73.005012,53.266989
7.600,72.940500,53.259819
7.610,72.876178,53.252662
7.620,72.812045,53.245519
7.630,72.748100,53.238388
7.640,72.684342,53.231271
7.650,72.620771,53.224167
7.660,72.557386,53.217077
7.670,72.494187,53.209999
7.680,72.431173,53.202935
7.690,72.368344,53.195884
7.700,72.305699,53.188846
7.710,72.243237,53.181821
7.720,72.180958,53.174809
7.730,72.118862,53.167810
7.740,72.056947,53.160825
7.750,71.995213,53.153853
7.760,71.933660,53.146893
7.770,71.872287,53.139947
7.780,71.811093,53.133014
7.790,71.750078,53.126094
7.800,71.689242,53.119187
7.810,71.628584,53.112293
7.820,71.568102,53.105412
7.830,71.507798,53.098544
7.840,71.447670,53.091689
7.850,71.387717,53.084848
7.860,71.327939,53.078019
7.870,71.268336,53.071203
7.880,71.208907,53.064400
7.890,71.149652,53.057610
7.900,71.090569,53.050833
7.910,71.031659,53.044069
7.920,70.972920,53.037318
7.930,70.914353,53.030579
7.940,70.855957,53.023854
7.950,70.797731,53.017141
7.960,70.739675,53.010442
7.970,70.681788,53.003755
7.980,70.624070,52.997081
7.990,70.566520,52.990420
8.000,70.509137,52.983772
8.010,70.451922,52.977136
8.020,70.394873,52.970513
8.030,70.337991,52.963904
8.040,70.281274,52.957306
8.050,70.224722,52.950722
8.060,70.168335,52.944151
8.070,70.112112,52.937592
8.080,70.056052,52.931045
8.090,70.000156,52.924512
8.100,69.944422,52.917991
8.110,69.888850,52.911483
8.120,69.833440,52.904988
8.130,69.778190,52.898505
8.140,69.723102,52.892035
8.150,69.668173,52.885577
8.160,69.613404,52.879132
8.170,69.558795,52.872700
8.180,69.504343,52.866280
8.190,69.450050,52.859873
8.200,69.395915,52.853479
8.210,69.341937,52.847097
8.220,69.288115,52.840727
8.230,69.234450,52.834370
8.240,69.180940,52.828026
8.250,69.127586,52.821694
8.260,69.074386,52.815374
8.270,69.021341,52.809067
8.280,68.968450,52.802772
8.290,68.915711,52.796490
8.300,68.863126,52.790221
8.310,68.810693,52.783963
8.320,68.758412,52.777718
8.330,68.706283,52.771486
8.340,68.654305,52.765265
8.350,68.602477,52.759057
8.360,68.550799,52.752862
8.370,68.499271,52.746679
8.380,68.447892,52.740508
8.390,68.396662,52.734349
8.400,68.345580,52.728203
8.410,68.294646,52.722069
8.420,68.243859,52.715947
8.430,68.193219,52.709837
8.440,68.142726,52.703740
8.450,68.092379,52.697654
8.460,68.042177,52.691581
8.470,67.992120,52.685520
8.480,67.942208,52.679472
8.490,67.892441,52.673435
8.500,67.842817,52.667411
8.510,67.793336,52.661398
8.520,67.743999,52.655398
8.530,67.694804,52.649410
8.540,67.645750,52.643434
8.550,67.596839,52.637469
8.560,67.548069,52.631517
8.570,67.499439,52.625577
8.580,67.450950,52.619649
8.590,67.402601,52.613733
8.600,67.354391,52.607829
8.610,67.306321,52.601937
8.620,67.258389,52.596057
8.630,67.210595,52.590189
8.640,67.162939,52.584332
8.650,67.115420,52.578488
8.660,67.068039,52.572655
8.670,67.020794,52.566834
8.680,66.973685,52.561025
8.690,66.926711,52.555228
8.700,66.879873,52.549443
8.710,66.833170,52.543670
8.720,66.786602,52.537908
8.730,66.740167,52.532158
8.740,66.693867,52.526420
8.750,66.647699,52.520694
8.760,66.601664,52.514979
8.770,66.555762,52.509276
8.780,66.509992,52.503584
8.790,66.464353,52.497905
8.800,66.418846,52.492237
8.810,66.373470,52.486580
8.820,66.328224,52.480936
8.830,66.283108,52.475302
8.840,66.238122,52.469681
8.850,66.193265,52.464071
8.860,66.148537,52.458472
8.870,66.103937,52.452886
8.880,66.059466,52.447310
8.890,66.015122,52.441746
8.900,65.970906,52.436194
8.910,65.926817,52.430653
8.920,65.882854,52.425124
8.930,65.839017,52.419606
8.940,65.795306,52.414099
8.950,65.751721,52.408604
8.960,65.708261,52.403120
8.970,65.664925,52.397648
8.980,65.621714,52.392186
8.990,65.578626,52.386737
9.000,65.535662,52.381298
9.010,65.492822,52.375871
9.020,65.450104,52.370455
9.030,65.407508,52.365051
9.040,65.365035,52.359658
9.050,65.322683,52.354276
9.060,65.280453,52.348905
9.070,65.238343,52.343545
9.080,65.196355,52.338197
9.090,65.154486,52.332860
9.100,65.112737,52.327533
9.110,65.071108,52.322219
9.120,65.029598,52.316915
9.130,64.988207,52.311622
9.140,64.946934,52.306340
9.150,64.905779,52.301070
9.160,64.864742,52.295810
9.170,64.823823,52.290562
9.180,64.783020,52.285325
9.190,64.742334,52.280098
9.200,64.701765,52.274883
9.210,64.661311,52.269678
9.220,64.620973,52.264485
9.230,64.580750,52.259302
9.240,64.540642,52.254131
9.250,64.500649,52.248970
9.260,64.460770,52.243820
9.270,64.421005,52.238681
9.280,64.381354,52.233553
9.290,64.341815,52.228436
9.300,64.302390,52.223329
9.310,64.263077,52.218233
9.320,64.223876,52.213149
9.330,64.184787,52.208074
9.340,64.145810,52.203011
9.350,64.106944,52.197958
9.360,64.068189,52.192917
9.370,64.029544,52.187885
9.380,63.991009,52.182865
9.390,63.952585,52.177855
9.400,63.914270,52.172856
9.410,63.876064,52.167867
9.420,63.837967,52.162889
9.430,63.799978,52.157922
9.440,63.762098,52.152965
9.450,63.724326,52.148019
9.460,63.686661,52.143083
9.470,63.649103,52.138158
9.480,63.611653,52.133243
9.490,63.574309,52.128339
9.500,63.537071,52.123445
9.510,63.499940,52.118562
9.520,63.462914,52.113689
9.530,63.425993,52.108827
9.540,63.389178,52.103975
9.550,63.352467,52.099134
9.560,63.315861,52.094302
9.570,63.279358,52.089482
9.580,63.242960,52.084671
9.590,63.206665,52.079871
9.600,63.170473,52.075081
9.610,63.134384,52.070302
9.620,63.098398,52.065532
9.630,63.062514,52.060773
9.640,63.026732,52.056025
9.650,62.991051,52.051286
9.660,62.955472,52.046558
9.670,62.919994,52.041839
9.680,62.884617,52.037131
9.690,62.849340,52.032433
9.700,62.814163,52.027746
9.710,62.779086,52.023068
9.720,62.744109,52.018401
9.730,62.709231,52.013743
9.740,62.674452,52.009096
9.750,62.639771,52.004458
9.760,62.605189,51.999831
9.770,62.570705,51.995214
9.780,62.536319,51.990607
9.790,62.502030,51.986009
9.800,62.467839,51.981422
9.810,62.433744,51.976845
9.820,62.399746,51.972277
9.830,62.365845,51.967720
9.840,62.332039,51.963172
9.850,62.298330,51.958634
9.860,62.264715,51.954106
9.870,62.231196,51.949588
9.880,62.197772,51.945080
9.890,62.164443,51.940581
9.900,62.131208,51.936093
9.910,62.098067,51.931614
9.920,62.065020,51.927145
9.930,62.032066,51.922685
9.940,61.999206,51.918236
9.950,61.966438,51.913796
9.960,61.933763,51.909365
9.970,61.901181,51.904945
9.980,61.868691,51.900534
9.990,61.836293,51.896133
10.000,61.803986,51.891741
10.010,61.771771,51.887359
10.020,61.739647,51.882986
10.030,61.707613,51.878623
10.040,61.675670,51.874270
10.050,61.643818,51.869926
10.060,61.612055,51.865592
10.070,61.580382,51.861267
10.080,61.548799,51.856951
10.090,61.517304,51.852646
10.100,61.485899,51.848349
10.110,61.454583,51.844062
10.120,61.423354,51.839785
10.130,61.392214,51.835516
10.140,61.361162,51.831258
10.150,61.330198,51.827008
10.160,61.299320,51.822768
10.170,61.268530,51.818537
10.180,61.237827,51.814316
10.190,61.207211,51.810104
10.200,61.176680,51.805901
10.210,61.146236,51.801707
10.220,61.115878,51.797523
10.230,61.085605,51.793348
10.240,61.055418,51.789182
10.250,61.025316,51.785025
10.260,60.995298,51.780877
10.270,60.965365,51.776739
10.280,60.935517,51.772610
10.290,60.905752,51.768490
10.300,60.876072,51.764379
10.310,60.846475,51.760277
10.320,60.816961,51.756184
10.330,60.787531,51.752100
10.340,60.758183,51.748025
10.350,60.728918,51.743960
10.360,60.699735,51.739903
10.370,60.670635,51.735855
10.380,60.641616,51.731816
10.390,60.612679,51.727787
10.400,60.583823,51.723766
10.410,60.555049,51.719754
10.420,60.526355,51.715751
10.430,60.497742,51.711757
10.440,60.469210,51.707772
10.450,60.440758,51.703795
10.460,60.412386,51.699828
10.470,60.384093,51.695869
10.480,60.355880,51.691919
10.490,60.327747,51.687978
10.500,60.299692,51.684046
10.510,60.271716,51.680122
10.520,60.243819,51.676208
10.530,60.216000,51.672301
10.540,60.188260,51.668404
10.550,60.160597,51.664515
10.560,60.133012,51.660635
10.570,60.105504,51.656764
10.580,60.078074,51.652901
10.590,60.050720,51.649047
10.600,60.023443,51.645202
10.610,59.996243,51.641365
10.620,59.969119,51.637537
10.630,59.942072,51.633717
10.640,59.915100,51.629906
10.650,59.888204,51.626103
10.660,59.861383,51.622309
10.670,59.834637,51.618524
10.680,59.807967,51.614746
10.690,59.781371,51.610978
10.700,59.754849,51.607218
10.710,59.728402,51.603466
10.720,59.702030,51.599722
10.730,59.675731,51.595987
10.740,59.649505,51.592261
10.750,59.623354,51.588543
10.760,59.597275,51.584833
10.770,59.571270,51.581131
10.780,59.545337,51.577438
10.790,59.519477,51.573753
10.800,59.493689,51.570076
10.810,59.467974,51.566408
10.820,59.442330,51.562748
10.830,59.416758,51.559096
10.840,59.391258,51.555453
10.850,59.365829,51.551817
10.860,59.340472,51.548190
10.870,59.315185,51.544571
10.880,59.289969,51.540960
10.890,59.264824,51.537357
10.900,59.239748,51.533762
10.910,59.214743,51.530176
10.920,59.189808,51.526597
10.930,59.164943,51.523027
10.940,59.140147,51.519465
10.950,59.115420,51.515911
10.960,59.090763,51.512364
10.970,59.066174,51.508826
10.980,59.041654,51.505296
10.990,59.017203,51.501774
11.000,58.992820,51.498259
11.010,58.968505,51.494753
11.020,58.944258,51.491255
11.030,58.920078,51.487764
11.040,58.895966,51.484282
11.050,58.871922,51.480807
11.060,58.847944,51.477340
11.070,58.824034,51.473881
11.080,58.800190,51.470430
11.090,58.776412,51.466987
11.100,58.752701,51.463552
11.110,58.729057,51.460124
11.120,58.705478,51.456704
11.130,58.681965,51.453292
11.140,58.658517,51.449888
11.150,58.635135,51.446491
11.160,58.611818,51.443102
11.170,58.588566,51.439721
11.180,58.565379,51.436348
11.190,58.542257,51.432982
11.200,58.519199,51.429623
11.210,58.496205,51.426273
11.220,58.473275,51.422930
11.230,58.450409,51.419595
11.240,58.427607,51.416267
11.250,58.404868,51.412947
11.260,58.382193,51.409634
11.270,58.359581,51.406329
11.280,58.337032,51.403032
11.290,58.314545,51.399742
11.300,58.292122,51.396459
11.310,58.269760,51.393184
11.320,58.247461,51.389917
11.330,58.225224,51.386657
11.340,58.203049,51.383404
11.350,58.180935,51.380159
11.360,58.158883,51.376921
11.370,58.136893,51.373691
11.380,58.114963,51.370468
11.390,58.093095,51.367252
11.400,58.071287,51.364044
11.410,58.049540,51.360843
11.420,58.027853,51.357649
11.430,58.006227,51.354463
11.440,57.984661,51.351284
11.450,57.963155,51.348112
11.460,57.941708,51.344948
11.470,57.920321,51.341790
11.480,57.898994,51.338640
11.490,57.877726,51.335498
11.500,57.856516,51.332362
11.510,57.835366,51.329234
11.520,57.814275,51.326112
11.530,57.793242,51.322998
11.540,57.772267,51.319891
11.550,57.751351,51.316792
11.560,57.730493,51.313699
11.570,57.709693,51.310613
11.580,57.688950,51.307535
11.590,57.668265,51.304463
11.600,57.647637,51.301399
11.610,57.627067,51.298342
11.620,57.606554,51.295291
11.630,57.586097,51.292248
11.640,57.565697,51.289212
11.650,57.545354,51.286182
11.660,57.525068,51.283160
11.670,57.504837,51.280145
11.680,57.484663,51.277136
11.690,57.464544,51.274135
11.700,57.444482,51.271140
11.710,57.424475,51.268152
11.720,57.404523,51.265171
11.730,57.384627,51.262197
11.740,57.364786,51.259230
11.750,57.344999,51.256270
11.760,57.325268,51.253316
11.770,57.305591,51.250370
11.780,57.285969,51.247430
11.790,57.266401,51.244497
11.800,57.246887,51.241570
11.810,57.227428,51.238651
11.820,57.208022,51.235738
11.830,57.188670,51.232832
11.840,57.169371,51.229933
11.850,57.150126,51.227040
11.860,57.130934,51.224154
11.870,57.111796,51.221274
11.880,57.092710,51.218402
11.890,57.073677,51.215536
11.900,57.054696,51.212676
11.910,57.035769,51.209823
11.920,57.016893,51.206977
11.930,56.998070,51.204138
11.940,56.979298,51.201304
11.950,56.960579,51.198478
11.960,56.941911,51.195658
11.970,56.923295,51.192844
11.980,56.904731,51.190038
11.990,56.886218,51.187237
12.000,56.867756,51.184443
12.010,56.849345,51.181656
12.020,56.830984,51.178875
12.030,56.812675,51.176100
12.040,56.794416,51.173332
12.050,56.776207,51.170570
12.060,56.758049,51.167815
12.070,56.739941,51.165066
12.080,56.721883,51.162323
12.090,56.703875,51.159587
12.100,56.685916,51.156857
12.110,56.668008,51.154134
12.120,56.650148,51.151417
12.130,56.632338,51.148706
12.140,56.614577,51.146001
12.150,56.596865,51.143303
12.160,56.579202,51.140611
12.170,56.561587,51.137925
12.180,56.544021,51.135246
12.190,56.526504,51.132572
12.200,56.509035,51.129905
12.210,56.491614,51.127244
12.220,56.474241,51.124590
12.230,56.456916,51.121941
12.240,56.439639,51.119299
12.250,56.422409,51.116663
12.260,56.405227,51.114033
12.270,56.388093,51.111409
12.280,56.371005,51.108791
12.290,56.353965,51.106179
12.300,56.336971,51.103574
12.310,56.320025,51.100974
12.320,56.303125,51.098380
12.330,56.286271,51.095793
12.340,56.269464,51.093211
12.350,56.252703,51.090636
12.360,56.235989,51.088067
12.370,56.219320,51.085503
12.380,56.202698,51.082946
12.390,56.186121,51.080394
12.400,56.169589,51.077849
12.410,56.153104,51.075309
12.420,56.136663,51.072775
12.430,56.120268,51.070248
12.440,56.103918,51.067726
12.450,56.087613,51.065210
12.460,56.071353,51.062700
12.470,56.055137,51.060196
12.480,56.038966,51.057697
12.490,56.022840,51.055205
12.500,56.006758,51.052718
12.510,55.990720,51.050237
12.520,55.974726,51.047762
12.530,55.958777,51.045293
12.540,55.942871,51.042829
12.550,55.927008,51.040371
12.560,55.911190,51.037919
12.570,55.895415,51.035473
12.580,55.879683,51.033032
12.590,55.863994,51.030598
12.600,55.848349,51.028168
12.610,55.832746,51.025745
12.620,55.817187,51.023327
12.630,55.801670,51.020915
12.640,55.786196,51.018509
12.650,55.770764,51.016108
12.660,55.755374,51.013713
12.670,55.740027,51.011323
12.680,55.724722,51.008939
12.690,55.709459,51.006560
12.700,55.694238,51.004188
12.710,55.679059,51.001820
12.720,55.663921,50.999459
12.730,55.648825,50.997102
12.740,55.633770,50.994752
12.750,55.618757,50.992407
12.760,55.603784,50.990067
12.770,55.588853,50.987733
12.780,55.573963,50.985404
12.790,55.559114,50.983081
12.800,55.544305,50.980763
12.810,55.529537,50.978451
12.820,55.514809,50.976144
12.830,55.500122,50.973843
12.840,55.485475,50.971546
12.850,55.470868,50.969256
12.860,55.456302,50.966970
12.870,55.441775,50.964691
12.880,55.427288,50.962416
12.890,55.412841,50.960147
12.900,55.398433,50.957883
12.910,55.384065,50.955624
12.920,55.369736,50.953371
12.930,55.355446,50.951123
12.940,55.341195,50.948881
12.950,55.326984,50.946643
12.960,55.312811,50.944411
12.970,55.298678,50.942184
12.980,55.284583,50.939963
12.990,55.270526,50.937746
13.000,55.256508,50.935535
13.010,55.242528,50.933329
13.020,55.228587,50.931128
13.030,55.214684,50.928933
13.040,55.200819,50.926742
13.050,55.186991,50.924557
13.060,55.173202,50.922377
13.070,55.159450,50.920202
13.080,55.145736,50.918032
13.090,55.132059,50.915867
13.100,55.118420,50.913708
13.110,55.104818,50.911553
13.120,55.091254,50.909404
13.130,55.077726,50.907259
13.140,55.064236,50.905120
13.150,55.050782,50.902986
13.160,55.037365,50.900856
13.170,55.023985,50.898732
13.180,55.010641,50.896613
13.190,54.997334,50.894499
13.200,54.984063,50.892390
13.210,54.970828,50.890285
13.220,54.957630,50.888186
13.230,54.944467,50.886092
13.240,54.931341,50.884002
13.250,54.918250,50.881918
13.260,54.905195,50.879838
13.270,54.892176,50.877764
13.280,54.879192,50.875694
13.290,54.866244,50.873629
13.300,54.853331,50.871569
13.310,54.840454,50.869514
13.320,54.827611,50.867464
13.330,54.814804,50.865419
13.340,54.802031,50.863378
13.350,54.789294,50.861342
13.360,54.776591,50.859311
13.370,54.763923,50.857285
13.380,54.751289,50.855264
13.390,54.738690,50.853248
13.400,54.726125,50.851236
13.410,54.713595,50.849229
13.420,54.701098,50.847227
13.430,54.688636,50.845229
13.440,54.676208,50.843236
13.450,54.663813,50.841248
13.460,54.651453,50.839265
13.470,54.639126,50.837286
13.480,54.626832,50.835312
13.490,54.614573,50.833343
13.500,54.602346,50.831378
13.510,54.590153,50.829418
13.520,54.577993,50.827463
13.530,54.565867,50.825512
13.540,54.553773,50.823566
13.550,54.541712,50.821625
13.560,54.529684,50.819688
13.570,54.517689,50.817755
13.580,54.505727,50.815828
13.590,54.493797,50.813905
13.600,54.481900,50.811986
13.610,54.470035,50.810072
13.620,54.458202,50.808162
13.630,54.446402,50.806257
13.640,54.434633,50.804357
13.650,54.422897,50.802461
13.660,54.411193,50.800570
13.670,54.399520,50.798683
13.680,54.387879,50.796800
13.690,54.376270,50.794922
13.700,54.364693,50.793049
13.710,54.353147,50.791179
13.720,54.341632,50.789315
13.730,54.330149,50.787455
13.740,54.318697,50.785599
13.750,54.307276,50.783747
13.760,54.295886,50.781900
13.770,54.284527,50.780058
13.780,54.273199,50.778219
13.790,54.261902,50.776385
13.800,54.250636,50.774556
13.810,54.239400,50.772731
13.820,54.228195,50.770910
13.830,54.217020,50.769093
13.840,54.205876,50.767281
13.850,54.194761,50.765473
13.860,54.183677,50.763669
13.870,54.172624,50.761870
13.880,54.161600,50.760075
13.890,54.150606,50.758284
13.900,54.139642,50.756498
13.910,54.128708,50.754715
13.920,54.117803,50.752937
13.930,54.106928,50.751164
13.940,54.096083,50.749394
13.950,54.085267,50.747628
13.960,54.074480,50.745867
13.970,54.063723,50.744110
13.980,54.052995,50.742357
13.990,54.042296,50.740609
14.000,54.031626,50.738864
14.010,54.020985,50.737124
14.020,54.010373,50.735388
14.030,53.999790,50.733656
14.040,53.989235,50.731928
14.050,53.978709,50.730204
14.060,53.968212,50.728484
14.070,53.957743,50.726768
14.080,53.947303,50.725057
14.090,53.936890,50.723349
14.100,53.926507,50.721646
14.110,53.916151,50.719947
14.120,53.905823,50.718251
14.130,53.895523,50.716560
14.140,53.885252,50.714873
14.150,53.875008,50.713190
14.160,53.864791,50.711510
14.170,53.854603,50.709835
14.180,53.844442,50.708164
14.190,53.834309,50.706497
14.200,53.824203,50.704833
14.210,53.814124,50.703174
14.220,53.804073,50.701519
14.230,53.794049,50.699867
14.240,53.784053,50.698220
14.250,53.774083,50.696576
14.260,53.764140,50.694937
14.270,53.754224,50.693301
14.280,53.744336,50.691669
14.290,53.734473,50.690041
14.300,53.724638,50.688417
14.310,53.714829,50.686797
14.320,53.705047,50.685181
14.330,53.695291,50.683568
14.340,53.685562,50.681960
14.350,53.675859,50.680355
14.360,53.666182,50.678754
14.370,53.656531,50.677157
14.380,53.646907,50.675563
14.390,53.637309,50.673974
14.400,53.627736,50.672388
14.410,53.618190,50.670806
14.420,53.608669,50.669228
14.430,53.599174,50.667654
14.440,53.589705,50.666083
14.450,53.580261,50.664516
14.460,53.570843,50.662953
14.470,53.561450,50.661394
14.480,53.552083,50.659838
14.490,53.542741,50.658286
14.500,53.533424,50.656738
14.510,53.524133,50.655193
14.520,53.514866,50.653652
14.530,53.505625,50.652115
14.540,53.496409,50.650582
14.550,53.487217,50.649052
14.560,53.478051,50.647526
14.570,53.468909,50.646003
14.580,53.459792,50.644484
14.590,53.450699,50.642969
14.600,53.441631,50.641457
14.610,53.432588,50.639949
14.620,53.423569,50.638445
14.630,53.414574,50.636944
14.640,53.405604,50.635446
14.650,53.396658,50.633953
14.660,53.387736,50.632463
14.670,53.378838,50.630976
14.680,53.369964,50.629493
14.690,53.361114,50.628014
14.700,53.352288,50.626538
14.710,53.343486,50.625065
14.720,53.334707,50.623596
14.730,53.325952,50.622131
14.740,53.317221,50.620669
14.750,53.308514,50.619211
14.760,53.299830,50.617756
14.770,53.291169,50.616305
14.780,53.282532,50.614857
14.790,53.273918,50.613412
14.800,53.265327,50.611971
14.810,53.256760,50.610534
14.820,53.248215,50.609100
14.830,53.239694,50.607669
14.840,53.231195,50.606242
14.850,53.222720,50.604818
14.860,53.214267,50.603397
14.870,53.205837,50.601980
14.880,53.197430,50.600567
14.890,53.189046,50.599156
14.900,53.180684,50.597749
14.910,53.172344,50.596346
14.920,53.164027,50.594946
14.930,53.155733,50.593549
14.940,53.147461,50.592155
14.950,53.139211,50.590765
14.960,53.130983,50.589378
14.970,53.122778,50.587995
14.980,53.114595,50.586615
14.990,53.106433,50.585238
15.000,53.098294,50.583864
15.010,53.090177,50.582494
15.020,53.082081,50.581127
15.030,53.074007,50.579763
15.040,53.065955,50.578403
15.050,53.057925,50.577046
15.060,53.049916,50.575692
15.070,53.041929,50.574341
15.080,53.033964,50.572994
15.090,53.026020,50.571649
15.100,53.018097,50.570308
15.110,53.010195,50.568970
15.120,53.002315,50.567636
15.130,52.994456,50.566304
15.140,52.986618,50.564976
15.150,52.978801,50.563651
15.160,52.971006,50.562329
15.170,52.963231,50.561011
15.180,52.955477,50.559695
15.190,52.947744,50.558383
15.200,52.940032,50.557073
15.210,52.932340,50.555767
15.220,52.924670,50.554464
15.230,52.917019,50.553165
15.240,52.909390,50.551868
15.250,52.901781,50.550574
15.260,52.894192,50.549284
15.270,52.886624,50.547996
15.280,52.879076,50.546712
15.290,52.871548,50.545431
15.300,52.864041,50.544152
15.310,52.856554,50.542877
15.320,52.849087,50.541605
15.330,52.841640,50.540336
15.340,52.834213,50.539070
15.350,52.826806,50.537807
15.360,52.819419,50.536547
15.370,52.812051,50.535290
15.380,52.804704,50.534037
15.390,52.797376,50.532786
15.400,52.790068,50.531538
15.410,52.782780,50.530293
15.420,52.775511,50.529051
15.430,52.768261,50.527812
15.440,52.761032,50.526576
15.450,52.753821,50.525343
