case,t,Tmax
plate,0.000,230.000000
plate,0.010,230.000000
plate,0.020,230.000000
plate,0.030,230.000000
plate,0.040,230.000000
plate,0.050,229.999998
plate,0.060,229.999993
plate,0.070,229.999979
plate,0.080,229.999944
plate,0.090,229.999869
plate,0.100,229.999717
plate,0.110,229.999437
plate,0.120,229.998951
plate,0.130,229.998156
plate,0.140,229.996916
plate,0.150,229.995061
plate,0.160,229.992386
plate,0.170,229.988649
plate,0.180,229.983578
plate,0.190,229.976864
plate,0.200,229.968174
plate,0.210,229.957147
plate,0.220,229.943407
plate,0.230,229.926559
plate,0.240,229.906201
plate,0.250,229.881928
plate,0.260,229.853333
plate,0.270,229.820016
plate,0.280,229.781586
plate,0.290,229.737666
plate,0.300,229.687893
plate,0.310,229.631926
plate,0.320,229.569445
plate,0.330,229.500150
plate,0.340,229.423770
plate,0.350,229.340056
plate,0.360,229.248785
plate,0.370,229.149762
plate,0.380,229.042817
plate,0.390,228.927803
plate,0.400,228.804602
plate,0.410,228.673118
plate,0.420,228.533276
plate,0.430,228.385028
plate,0.440,228.228343
plate,0.450,228.063212
plate,0.460,227.889644
plate,0.470,227.707664
plate,0.480,227.517317
plate,0.490,227.318659
plate,0.500,227.111763
plate,0.510,226.896711
plate,0.520,226.673601
plate,0.530,226.442537
plate,0.540,226.203635
plate,0.550,225.957020
plate,0.560,225.702822
plate,0.570,225.441179
plate,0.580,225.172234
plate,0.590,224.896136
plate,0.600,224.613036
plate,0.610,224.323092
plate,0.620,224.026462
plate,0.630,223.723307
plate,0.640,223.413789
plate,0.650,223.098073
plate,0.660,222.776324
plate,0.670,222.448706
plate,0.680,222.115384
plate,0.690,221.776522
plate,0.700,221.432286
plate,0.710,221.082837
plate,0.720,220.728337
plate,0.730,220.368946
plate,0.740,220.004823
plate,0.750,219.636124
plate,0.760,219.263003
plate,0.770,218.885613
plate,0.780,218.504103
plate,0.790,218.118621
plate,0.800,217.729312
plate,0.810,217.336319
plate,0.820,216.939781
plate,0.830,216.539836
plate,0.840,216.136617
plate,0.850,215.730256
plate,0.860,215.320882
plate,0.870,214.908622
plate,0.880,214.493597
plate,0.890,214.075929
plate,0.900,213.655735
plate,0.910,213.233131
plate,0.920,212.808227
plate,0.930,212.381133
plate,0.940,211.951956
plate,0.950,211.520800
plate,0.960,211.087766
plate,0.970,210.652952
plate,0.980,210.216455
plate,0.990,209.778368
plate,1.000,209.338781
plate,1.010,208.897785
plate,1.020,208.455463
plate,1.030,208.011901
plate,1.040,207.567179
plate,1.050,207.121377
plate,1.060,206.674572
plate,1.070,206.226837
plate,1.080,205.778247
plate,1.090,205.328870
plate,1.100,204.878776
plate,1.110,204.428031
plate,1.120,203.976699
plate,1.130,203.524843
plate,1.140,203.072523
plate,1.150,202.619799
plate,1.160,202.166727
plate,1.170,201.713362
plate,1.180,201.259758
plate,1.190,200.805968
plate,1.200,200.352041
plate,1.210,199.898026
plate,1.220,199.443971
plate,1.230,198.989922
plate,1.240,198.535922
plate,1.250,198.082015
plate,1.260,197.628242
plate,1.270,197.174644
plate,1.280,196.721259
plate,1.290,196.268125
plate,1.300,195.815279
plate,1.310,195.362756
plate,1.320,194.910590
plate,1.330,194.458814
plate,1.340,194.007460
plate,1.350,193.556559
plate,1.360,193.106140
plate,1.370,192.656233
plate,1.380,192.206865
plate,1.390,191.758064
plate,1.400,191.309854
plate,1.410,190.862262
plate,1.420,190.415310
plate,1.430,189.969024
plate,1.440,189.523425
plate,1.450,189.078535
plate,1.460,188.634374
plate,1.470,188.190964
plate,1.480,187.748323
plate,1.490,187.306471
plate,1.500,186.865426
plate,1.510,186.425204
plate,1.520,185.985823
plate,1.530,185.547298
plate,1.540,185.109646
plate,1.550,184.672882
plate,1.560,184.237018
plate,1.570,183.802071
plate,1.580,183.368052
plate,1.590,182.934975
plate,1.600,182.502851
plate,1.610,182.071693
plate,1.620,181.641512
plate,1.630,181.212318
plate,1.640,180.784122
plate,1.650,180.356934
plate,1.660,179.930764
plate,1.670,179.505619
plate,1.680,179.081510
plate,1.690,178.658444
plate,1.700,178.236430
plate,1.710,177.815475
plate,1.720,177.395585
plate,1.730,176.976769
plate,1.740,176.559032
plate,1.750,176.142381
plate,1.760,175.726821
plate,1.770,175.312359
plate,1.780,174.898999
plate,1.790,174.486747
plate,1.800,174.075607
plate,1.810,173.665584
plate,1.820,173.256682
plate,1.830,172.848905
plate,1.840,172.442257
plate,1.850,172.036741
plate,1.860,171.632360
plate,1.870,171.229119
plate,1.880,170.827018
plate,1.890,170.426062
plate,1.900,170.026252
plate,1.910,169.627591
plate,1.920,169.230081
plate,1.930,168.833724
plate,1.940,168.438521
plate,1.950,168.044474
plate,1.960,167.651584
plate,1.970,167.259852
plate,1.980,166.869281
plate,1.990,166.479869
plate,2.000,166.091619
plate,2.010,165.704530
plate,2.020,165.318604
plate,2.030,164.933841
plate,2.040,164.550240
plate,2.050,164.167802
plate,2.060,163.786527
plate,2.070,163.406415
plate,2.080,163.027465
plate,2.090,162.649678
plate,2.100,162.273052
plate,2.110,161.897588
plate,2.120,161.523283
plate,2.130,161.150139
plate,2.140,160.778153
plate,2.150,160.407326
plate,2.160,160.037655
plate,2.170,159.669140
plate,2.180,159.301780
plate,2.190,158.935573
plate,2.200,158.570519
plate,2.210,158.206615
plate,2.220,157.843860
plate,2.230,157.482253
plate,2.240,157.121792
plate,2.250,156.762475
plate,2.260,156.404301
plate,2.270,156.047268
plate,2.280,155.691374
plate,2.290,155.336617
plate,2.300,154.982996
plate,2.310,154.630508
plate,2.320,154.279151
plate,2.330,153.928923
plate,2.340,153.579822
plate,2.350,153.231847
plate,2.360,152.884993
plate,2.370,152.539261
plate,2.380,152.194646
plate,2.390,151.851147
plate,2.400,151.508762
plate,2.410,151.167488
plate,2.420,150.827322
plate,2.430,150.488263
plate,2.440,150.150307
plate,2.450,149.813452
plate,2.460,149.477697
plate,2.470,149.143037
plate,2.480,148.809470
plate,2.490,148.476995
plate,2.500,148.145608
plate,2.510,147.815306
plate,2.520,147.486088
plate,2.530,147.157949
plate,2.540,146.830888
plate,2.550,146.504902
plate,2.560,146.179988
plate,2.570,145.856142
plate,2.580,145.533364
plate,2.590,145.211649
plate,2.600,144.890995
plate,2.610,144.571398
plate,2.620,144.252857
plate,2.630,143.935369
plate,2.640,143.618929
plate,2.650,143.303536
plate,2.660,142.989187
plate,2.670,142.675879
plate,2.680,142.363608
plate,2.690,142.052373
plate,2.700,141.742169
plate,2.710,141.432995
plate,2.720,141.124846
plate,2.730,140.817721
plate,2.740,140.511616
plate,2.750,140.206529
plate,2.760,139.902456
plate,2.770,139.599394
plate,2.780,139.297341
plate,2.790,138.996293
plate,2.800,138.696248
plate,2.810,138.397202
plate,2.820,138.099153
plate,2.830,137.802097
plate,2.840,137.506032
plate,2.850,137.210955
plate,2.860,136.916862
plate,2.870,136.623751
plate,2.880,136.331619
plate,2.890,136.040462
plate,2.900,135.750279
plate,2.910,135.461064
plate,2.920,135.172817
plate,2.930,134.885534
plate,2.940,134.599211
plate,2.950,134.313846
plate,2.960,134.029436
plate,2.970,133.745978
plate,2.980,133.463469
plate,2.990,133.181906
plate,3.000,132.901286
plate,3.010,132.621607
plate,3.020,132.342864
plate,3.030,132.065055
plate,3.040,131.788178
plate,3.050,131.512229
plate,3.060,131.237205
plate,3.070,130.963104
plate,3.080,130.689922
plate,3.090,130.417656
plate,3.100,130.146305
plate,3.110,129.875864
plate,3.120,129.606331
plate,3.130,129.337702
plate,3.140,129.069976
plate,3.150,128.803149
plate,3.160,128.537218
plate,3.170,128.272180
plate,3.180,128.008033
plate,3.190,127.744773
plate,3.200,127.482398
plate,3.210,127.220905
plate,3.220,126.960291
plate,3.230,126.700553
plate,3.240,126.441688
plate,3.250,126.183694
plate,3.260,125.926567
plate,3.270,125.670305
plate,3.280,125.414906
plate,3.290,125.160365
plate,3.300,124.906680
plate,3.310,124.653850
plate,3.320,124.401869
plate,3.330,124.150737
plate,3.340,123.900450
plate,3.350,123.651006
plate,3.360,123.402401
plate,3.370,123.154633
plate,3.380,122.907699
plate,3.390,122.661597
plate,3.400,122.416323
plate,3.410,122.171875
plate,3.420,121.928251
plate,3.430,121.685447
plate,3.440,121.443461
plate,3.450,121.202289
plate,3.460,120.961931
plate,3.470,120.722382
plate,3.480,120.483640
plate,3.490,120.245702
plate,3.500,120.008566
plate,3.510,119.772229
plate,3.520,119.536689
plate,3.530,119.301942
plate,3.540,119.067986
plate,3.550,118.834819
plate,3.560,118.602438
plate,3.570,118.370840
plate,3.580,118.140023
plate,3.590,117.909983
plate,3.600,117.680719
plate,3.610,117.452229
plate,3.620,117.224508
plate,3.630,116.997555
plate,3.640,116.771368
plate,3.650,116.545943
plate,3.660,116.321278
plate,3.670,116.097370
plate,3.680,115.874218
plate,3.690,115.651819
plate,3.700,115.430169
plate,3.710,115.209267
plate,3.720,114.989109
plate,3.730,114.769695
plate,3.740,114.551020
plate,3.750,114.333083
plate,3.760,114.115881
plate,3.770,113.899412
plate,3.780,113.683673
plate,3.790,113.468661
plate,3.800,113.254375
plate,3.810,113.040812
plate,3.820,112.827969
plate,3.830,112.615845
plate,3.840,112.404436
plate,3.850,112.193740
plate,3.860,111.983755
plate,3.870,111.774478
plate,3.880,111.565908
plate,3.890,111.358041
plate,3.900,111.150876
plate,3.910,110.944410
plate,3.920,110.738640
plate,3.930,110.533565
plate,3.940,110.329182
plate,3.950,110.125488
plate,3.960,109.922482
plate,3.970,109.720160
plate,3.980,109.518522
plate,3.990,109.317564
plate,4.000,109.117284
plate,4.010,108.917680
plate,4.020,108.718750
plate,4.030,108.520491
plate,4.040,108.322901
plate,4.050,108.125978
plate,4.060,107.929720
plate,4.070,107.734124
plate,4.080,107.539188
plate,4.090,107.344910
plate,4.100,107.151288
plate,4.110,106.958319
plate,4.120,106.766002
plate,4.130,106.574333
plate,4.140,106.383312
plate,4.150,106.192936
plate,4.160,106.003202
plate,4.170,105.814108
plate,4.180,105.625653
plate,4.190,105.437834
plate,4.200,105.250648
plate,4.210,105.064095
plate,4.220,104.878171
plate,4.230,104.692875
plate,4.240,104.508205
plate,4.250,104.324158
plate,4.260,104.140732
plate,4.270,103.957925
plate,4.280,103.775736
plate,4.290,103.594161
plate,4.300,103.413199
plate,4.310,103.232849
plate,4.320,103.053107
plate,4.330,102.873972
plate,4.340,102.695441
plate,4.350,102.517514
plate,4.360,102.340187
plate,4.370,102.163458
plate,4.380,101.987326
plate,4.390,101.811789
plate,4.400,101.636845
plate,4.410,101.462491
plate,4.420,101.288725
plate,4.430,101.115547
plate,4.440,100.942953
plate,4.450,100.770941
plate,4.460,100.599511
plate,4.470,100.428659
plate,4.480,100.258384
plate,4.490,100.088683
plate,4.500,99.919556
plate,4.510,99.751000
plate,4.520,99.583013
plate,4.530,99.415592
plate,4.540,99.248738
plate,4.550,99.082446
plate,4.560,98.916716
plate,4.570,98.751545
plate,4.580,98.586933
plate,4.590,98.422875
plate,4.600,98.259372
plate,4.610,98.096421
plate,4.620,97.934020
plate,4.630,97.772167
plate,4.640,97.610861
plate,4.650,97.450099
plate,4.660,97.289880
plate,4.670,97.130202
plate,4.680,96.971064
plate,4.690,96.812462
plate,4.700,96.654396
plate,4.710,96.496864
plate,4.720,96.339863
plate,4.730,96.183393
plate,4.740,96.027451
plate,4.750,95.872035
plate,4.760,95.717144
plate,4.770,95.562776
plate,4.780,95.408930
plate,4.790,95.255603
plate,4.800,95.102793
plate,4.810,94.950499
plate,4.820,94.798720
plate,4.830,94.647453
plate,4.840,94.496697
plate,4.850,94.346450
plate,4.860,94.196710
plate,4.870,94.047476
plate,4.880,93.898745
plate,4.890,93.750517
plate,4.900,93.602789
plate,4.910,93.455560
plate,4.920,93.308829
plate,4.930,93.162592
plate,4.940,93.016849
plate,4.950,92.871599
plate,4.960,92.726839
plate,4.970,92.582567
plate,4.980,92.438783
plate,4.990,92.295485
plate,5.000,92.152670
plate,5.010,92.010337
plate,5.020,91.868485
plate,5.030,91.727112
plate,5.040,91.586216
plate,5.050,91.445796
plate,5.060,91.305850
plate,5.070,91.166377
plate,5.080,91.027374
plate,5.090,90.888841
plate,5.100,90.750776
plate,5.110,90.613177
plate,5.120,90.476042
plate,5.130,90.339371
plate,5.140,90.203161
plate,5.150,90.067410
plate,5.160,89.932119
plate,5.170,89.797284
plate,5.180,89.662904
plate,5.190,89.528978
plate,5.200,89.395504
plate,5.210,89.262481
plate,5.220,89.129907
plate,5.230,88.997781
plate,5.240,88.866101
plate,5.250,88.734865
plate,5.260,88.604073
plate,5.270,88.473722
plate,5.280,88.343812
plate,5.290,88.214340
plate,5.300,88.085305
plate,5.310,87.956706
plate,5.320,87.828541
plate,5.330,87.700809
plate,5.340,87.573508
plate,5.350,87.446637
plate,5.360,87.320194
plate,5.370,87.194179
plate,5.380,87.068589
plate,5.390,86.943422
plate,5.400,86.818679
plate,5.410,86.694357
plate,5.420,86.570454
plate,5.430,86.446970
plate,5.440,86.323903
plate,5.450,86.201251
plate,5.460,86.079014
plate,5.470,85.957189
plate,5.480,85.835776
plate,5.490,85.714772
plate,5.500,85.594177
plate,5.510,85.473990
plate,5.520,85.354208
plate,5.530,85.234831
plate,5.540,85.115856
plate,5.550,84.997284
plate,5.560,84.879112
plate,5.570,84.761338
plate,5.580,84.643963
plate,5.590,84.526984
plate,5.600,84.410400
plate,5.610,84.294209
plate,5.620,84.178411
plate,5.630,84.063004
plate,5.640,83.947986
plate,5.650,83.833357
plate,5.660,83.719115
plate,5.670,83.605259
plate,5.680,83.491787
plate,5.690,83.378698
plate,5.700,83.265991
plate,5.710,83.153665
plate,5.720,83.041718
plate,5.730,82.930149
plate,5.740,82.818956
plate,5.750,82.708140
plate,5.760,82.597697
plate,5.770,82.487627
plate,5.780,82.377929
plate,5.790,82.268601
plate,5.800,82.159643
plate,5.810,82.051052
plate,5.820,81.942828
plate,5.830,81.834970
plate,5.840,81.727475
plate,5.850,81.620344
plate,5.860,81.513574
plate,5.870,81.407165
plate,5.880,81.301115
plate,5.890,81.195424
plate,5.900,81.090089
plate,5.910,80.985110
plate,5.920,80.880485
plate,5.930,80.776213
plate,5.940,80.672294
plate,5.950,80.568726
plate,5.960,80.465507
plate,5.970,80.362637
plate,5.980,80.260114
plate,5.990,80.157937
plate,6.000,80.056105
plate,6.010,79.954618
plate,6.020,79.853473
plate,6.030,79.752669
plate,6.040,79.652206
plate,6.050,79.552082
plate,6.060,79.452296
plate,6.070,79.352847
plate,6.080,79.253734
plate,6.090,79.154955
plate,6.100,79.056510
plate,6.110,78.958397
plate,6.120,78.860616
plate,6.130,78.763165
plate,6.140,78.666043
plate,6.150,78.569249
plate,6.160,78.472781
plate,6.170,78.376640
plate,6.180,78.280823
plate,6.190,78.185330
plate,6.200,78.090159
plate,6.210,77.995309
plate,6.220,77.900780
plate,6.230,77.806570
plate,6.240,77.712678
plate,6.250,77.619103
plate,6.260,77.525844
plate,6.270,77.432899
plate,6.280,77.340269
plate,6.290,77.247952
plate,6.300,77.155946
plate,6.310,77.064251
plate,6.320,76.972865
plate,6.330,76.881788
plate,6.340,76.791019
plate,6.350,76.700556
plate,6.360,76.610399
plate,6.370,76.520546
plate,6.380,76.430996
plate,6.390,76.341749
plate,6.400,76.252803
plate,6.410,76.164157
plate,6.420,76.075811
plate,6.430,75.987763
plate,6.440,75.900012
plate,6.450,75.812558
plate,6.460,75.725399
plate,6.470,75.638534
plate,6.480,75.551963
plate,6.490,75.465684
plate,6.500,75.379696
plate,6.510,75.293999
plate,6.520,75.208591
plate,6.530,75.123471
plate,6.540,75.038639
plate,6.550,74.954093
plate,6.560,74.869833
plate,6.570,74.785857
plate,6.580,74.702164
plate,6.590,74.618755
plate,6.600,74.535627
plate,6.610,74.452779
plate,6.620,74.370212
plate,6.630,74.287923
plate,6.640,74.205912
plate,6.650,74.124178
plate,6.660,74.042720
plate,6.670,73.961537
plate,6.680,73.880628
plate,6.690,73.799993
plate,6.700,73.719629
plate,6.710,73.639537
plate,6.720,73.559716
plate,6.730,73.480164
plate,6.740,73.400880
plate,6.750,73.321864
plate,6.760,73.243116
plate,6.770,73.164633
plate,6.780,73.086415
plate,6.790,73.008461
plate,6.800,72.930770
plate,6.810,72.853342
plate,6.820,72.776175
plate,6.830,72.699268
plate,6.840,72.622622
plate,6.850,72.546234
plate,6.860,72.470104
plate,6.870,72.394231
plate,6.880,72.318614
plate,6.890,72.243253
plate,6.900,72.168146
plate,6.910,72.093293
plate,6.920,72.018692
plate,6.930,71.944344
plate,6.940,71.870246
plate,6.950,71.796399
plate,6.960,71.722801
plate,6.970,71.649451
plate,6.980,71.576350
plate,6.990,71.503495
plate,7.000,71.430886
plate,7.010,71.358522
plate,7.020,71.286402
plate,7.030,71.214526
plate,7.040,71.142893
plate,7.050,71.071502
plate,7.060,71.000351
plate,7.070,70.929441
plate,7.080,70.858771
plate,7.090,70.788339
plate,7.100,70.718144
plate,7.110,70.648187
plate,7.120,70.578466
plate,7.130,70.508981
plate,7.140,70.439730
plate,7.150,70.370713
plate,7.160,70.301929
plate,7.170,70.233377
plate,7.180,70.165057
plate,7.190,70.096967
plate,7.200,70.029107
plate,7.210,69.961477
plate,7.220,69.894075
plate,7.230,69.826900
plate,7.240,69.759952
plate,7.250,69.693231
plate,7.260,69.626734
plate,7.270,69.560462
plate,7.280,69.494414
plate,7.290,69.428589
plate,7.300,69.362986
plate,7.310,69.297605
plate,7.320,69.232444
plate,7.330,69.167504
plate,7.340,69.102783
plate,7.350,69.038280
plate,7.360,68.973995
plate,7.370,68.909927
plate,7.380,68.846076
plate,7.390,68.782440
plate,7.400,68.719019
plate,7.410,68.655812
plate,7.420,68.592818
plate,7.430,68.530037
plate,7.440,68.467469
plate,7.450,68.405111
plate,7.460,68.342964
plate,7.470,68.281027
plate,7.480,68.219299
plate,7.490,68.157780
plate,7.500,68.096468
plate,7.510,68.035363
plate,7.520,67.974465
plate,7.530,67.913772
plate,7.540,67.853284
plate,7.550,67.793000
plate,7.560,67.732920
plate,7.570,67.673043
plate,7.580,67.613368
plate,7.590,67.553894
plate,7.600,67.494622
plate,7.610,67.435549
plate,7.620,67.376676
plate,7.630,67.318002
plate,7.640,67.259525
plate,7.650,67.201247
plate,7.660,67.143165
plate,7.670,67.085279
plate,7.680,67.027589
plate,7.690,66.970093
plate,7.700,66.912791
plate,7.710,66.855684
plate,7.720,66.798768
plate,7.730,66.742045
plate,7.740,66.685514
plate,7.750,66.629173
plate,7.760,66.573023
plate,7.770,66.517062
plate,7.780,66.461291
plate,7.790,66.405707
plate,7.800,66.350312
plate,7.810,66.295103
plate,7.820,66.240081
plate,7.830,66.185244
plate,7.840,66.130593
plate,7.850,66.076126
plate,7.860,66.021843
plate,7.870,65.967744
plate,7.880,65.913827
plate,7.890,65.860092
plate,7.900,65.806539
plate,7.910,65.753166
plate,7.920,65.699974
plate,7.930,65.646961
plate,7.940,65.594127
plate,7.950,65.541472
plate,7.960,65.488994
plate,7.970,65.436694
plate,7.980,65.384570
plate,7.990,65.332622
plate,8.000,65.280850
plate,8.010,65.229252
plate,8.020,65.177829
plate,8.030,65.126580
plate,8.040,65.075503
plate,8.050,65.024599
plate,8.060,64.973866
plate,8.070,64.923306
plate,8.080,64.872915
plate,8.090,64.822695
plate,8.100,64.772645
plate,8.110,64.722763
plate,8.120,64.673050
plate,8.130,64.623505
plate,8.140,64.574127
plate,8.150,64.524916
plate,8.160,64.475871
plate,8.170,64.426991
plate,8.180,64.378277
plate,8.190,64.329727
plate,8.200,64.281341
plate,8.210,64.233119
plate,8.220,64.185059
plate,8.230,64.137161
plate,8.240,64.089426
plate,8.250,64.041851
plate,8.260,63.994437
plate,8.270,63.947183
plate,8.280,63.900089
plate,8.290,63.853154
plate,8.300,63.806377
plate,8.310,63.759758
plate,8.320,63.713297
plate,8.330,63.666992
plate,8.340,63.620844
plate,8.350,63.574852
plate,8.360,63.529015
plate,8.370,63.483333
plate,8.380,63.437805
plate,8.390,63.392430
plate,8.400,63.347209
plate,8.410,63.302141
plate,8.420,63.257225
plate,8.430,63.212460
plate,8.440,63.167847
plate,8.450,63.123384
plate,8.460,63.079072
plate,8.470,63.034909
plate,8.480,62.990895
plate,8.490,62.947029
plate,8.500,62.903312
plate,8.510,62.859743
plate,8.520,62.816320
plate,8.530,62.773045
plate,8.540,62.729915
plate,8.550,62.686931
plate,8.560,62.644092
plate,8.570,62.601398
plate,8.580,62.558848
plate,8.590,62.516442
plate,8.600,62.474178
plate,8.610,62.432058
plate,8.620,62.390080
plate,8.630,62.348243
plate,8.640,62.306548
plate,8.650,62.264993
plate,8.660,62.223579
plate,8.670,62.182305
plate,8.680,62.141170
plate,8.690,62.100174
plate,8.700,62.059316
plate,8.710,62.018597
plate,8.720,61.978015
plate,8.730,61.937569
plate,8.740,61.897261
plate,8.750,61.857088
plate,8.760,61.817052
plate,8.770,61.777150
plate,8.780,61.737383
plate,8.790,61.697751
plate,8.800,61.658252
plate,8.810,61.618886
plate,8.820,61.579654
plate,8.830,61.540554
plate,8.840,61.501586
plate,8.850,61.462749
plate,8.860,61.424044
plate,8.870,61.385470
plate,8.880,61.347025
plate,8.890,61.308711
plate,8.900,61.270526
plate,8.910,61.232469
plate,8.920,61.194542
plate,8.930,61.156742
plate,8.940,61.119070
plate,8.950,61.081525
plate,8.960,61.044107
plate,8.970,61.006815
plate,8.980,60.969650
plate,8.990,60.932609
plate,9.000,60.895694
plate,9.010,60.858904
plate,9.020,60.822237
plate,9.030,60.785695
plate,9.040,60.749276
plate,9.050,60.712980
plate,9.060,60.676806
plate,9.070,60.640755
plate,9.080,60.604825
plate,9.090,60.569016
plate,9.100,60.533329
plate,9.110,60.497762
plate,9.120,60.462315
plate,9.130,60.426988
plate,9.140,60.391780
plate,9.150,60.356691
plate,9.160,60.321720
plate,9.170,60.286868
plate,9.180,60.252133
plate,9.190,60.217516
plate,9.200,60.183015
plate,9.210,60.148631
plate,9.220,60.114363
plate,9.230,60.080211
plate,9.240,60.046174
plate,9.250,60.012252
plate,9.260,59.978444
plate,9.270,59.944751
plate,9.280,59.911171
plate,9.290,59.877705
plate,9.300,59.844352
plate,9.310,59.811111
plate,9.320,59.777983
plate,9.330,59.744966
plate,9.340,59.712061
plate,9.350,59.679268
plate,9.360,59.646584
plate,9.370,59.614012
plate,9.380,59.581549
plate,9.390,59.549196
plate,9.400,59.516952
plate,9.410,59.484817
plate,9.420,59.452790
plate,9.430,59.420872
plate,9.440,59.389061
plate,9.450,59.357358
plate,9.460,59.325762
plate,9.470,59.294272
plate,9.480,59.262889
plate,9.490,59.231612
plate,9.500,59.200440
plate,9.510,59.169374
plate,9.520,59.138412
plate,9.530,59.107556
plate,9.540,59.076803
plate,9.550,59.046154
plate,9.560,59.015609
plate,9.570,58.985166
plate,9.580,58.954827
plate,9.590,58.924590
plate,9.600,58.894455
plate,9.610,58.864422
plate,9.620,58.834490
plate,9.630,58.804660
plate,9.640,58.774930
plate,9.650,58.745300
plate,9.660,58.715771
plate,9.670,58.686341
plate,9.680,58.657010
plate,9.690,58.627779
plate,9.700,58.598646
plate,9.710,58.569612
plate,9.720,58.540676
plate,9.730,58.511837
plate,9.740,58.483096
plate,9.750,58.454452
plate,9.760,58.425904
plate,9.770,58.397453
plate,9.780,58.369098
plate,9.790,58.340839
plate,9.800,58.312675
plate,9.810,58.284607
plate,9.820,58.256633
plate,9.830,58.228753
plate,9.840,58.200968
plate,9.850,58.173277
plate,9.860,58.145679
plate,9.870,58.118174
plate,9.880,58.090762
plate,9.890,58.063442
plate,9.900,58.036215
plate,9.910,58.009080
plate,9.920,57.982037
plate,9.930,57.955084
plate,9.940,57.928223
plate,9.950,57.901452
plate,9.960,57.874772
plate,9.970,57.848182
plate,9.980,57.821682
plate,9.990,57.795271
plate,10.000,57.768950
plate,10.010,57.742717
plate,10.020,57.716573
plate,10.030,57.690517
plate,10.040,57.664549
plate,10.050,57.638669
plate,10.060,57.612876
plate,10.070,57.587170
plate,10.080,57.561551
plate,10.090,57.536019
plate,10.100,57.510572
plate,10.110,57.485212
plate,10.120,57.459937
plate,10.130,57.434748
plate,10.140,57.409644
plate,10.150,57.384624
plate,10.160,57.359689
plate,10.170,57.334839
plate,10.180,57.310072
plate,10.190,57.285388
plate,10.200,57.260788
plate,10.210,57.236272
plate,10.220,57.211837
plate,10.230,57.187486
plate,10.240,57.163216
plate,10.250,57.139029
plate,10.260,57.114923
plate,10.270,57.090899
plate,10.280,57.066956
plate,10.290,57.043093
plate,10.300,57.019312
rib,0.000,230.000000
rib,0.010,230.000000
rib,0.020,230.000000
rib,0.030,230.000000
rib,0.040,230.000000
rib,0.050,230.000000
rib,0.060,230.000000
rib,0.070,230.000000
rib,0.080,230.000000
rib,0.090,229.999999
rib,0.100,229.999998
rib,0.110,229.999995
rib,0.120,229.999989
rib,0.130,229.999977
rib,0.140,229.999953
rib,0.150,229.999909
rib,0.160,229.999835
rib,0.170,229.999714
rib,0.180,229.999522
rib,0.190,229.999231
rib,0.200,229.998803
rib,0.210,229.998192
rib,0.220,229.997340
rib,0.230,229.996182
rib,0.240,229.994641
rib,0.250,229.992630
rib,0.260,229.990052
rib,0.270,229.986800
rib,0.280,229.982757
rib,0.290,229.977800
rib,0.300,229.971797
rib,0.310,229.964608
rib,0.320,229.956092
rib,0.330,229.946101
rib,0.340,229.934482
rib,0.350,229.921085
rib,0.360,229.905754
rib,0.370,229.888337
rib,0.380,229.868680
rib,0.390,229.846634
rib,0.400,229.822049
rib,0.410,229.794782
rib,0.420,229.764692
rib,0.430,229.731644
rib,0.440,229.695507
rib,0.450,229.656157
rib,0.460,229.613476
rib,0.470,229.567350
rib,0.480,229.517675
rib,0.490,229.464350
rib,0.500,229.407285
rib,0.510,229.346393
rib,0.520,229.281596
rib,0.530,229.212822
rib,0.540,229.140006
rib,0.550,229.063090
rib,0.560,228.982022
rib,0.570,228.896756
rib,0.580,228.807255
rib,0.590,228.713484
rib,0.600,228.615416
rib,0.610,228.513030
rib,0.620,228.406310
rib,0.630,228.295244
rib,0.640,228.179828
rib,0.650,228.060059
rib,0.660,227.935942
rib,0.670,227.807484
rib,0.680,227.674696
rib,0.690,227.537595
rib,0.700,227.396200
rib,0.710,227.250533
rib,0.720,227.100620
rib,0.730,226.946491
rib,0.740,226.788177
rib,0.750,226.625713
rib,0.760,226.459136
rib,0.770,226.288484
rib,0.780,226.113798
rib,0.790,225.935123
rib,0.800,225.752502
rib,0.810,225.565982
rib,0.820,225.375612
rib,0.830,225.181440
rib,0.840,224.983517
rib,0.850,224.781894
rib,0.860,224.576624
rib,0.870,224.367760
rib,0.880,224.155356
rib,0.890,223.939467
rib,0.900,223.720148
rib,0.910,223.497455
rib,0.920,223.271443
rib,0.930,223.042169
rib,0.940,222.809690
rib,0.950,222.574061
rib,0.960,222.335340
rib,0.970,222.093582
rib,0.980,221.848846
rib,0.990,221.601187
rib,1.000,221.350661
rib,1.010,221.097325
rib,1.020,220.841234
rib,1.030,220.582445
rib,1.040,220.321011
rib,1.050,220.056989
rib,1.060,219.790433
rib,1.070,219.521396
rib,1.080,219.249932
rib,1.090,218.976095
rib,1.100,218.699937
rib,1.110,218.421510
rib,1.120,218.140866
rib,1.130,217.858055
rib,1.140,217.573129
rib,1.150,217.286136
rib,1.160,216.997127
rib,1.170,216.706151
rib,1.180,216.413254
rib,1.190,216.118485
rib,1.200,215.821890
rib,1.210,215.523516
rib,1.220,215.223408
rib,1.230,214.921611
rib,1.240,214.618169
rib,1.250,214.313127
rib,1.260,214.006527
rib,1.270,213.698411
rib,1.280,213.388821
rib,1.290,213.077799
rib,1.300,212.765384
rib,1.310,212.451617
rib,1.320,212.136536
rib,1.330,211.820181
rib,1.340,211.502589
rib,1.350,211.183798
rib,1.360,210.863844
rib,1.370,210.542763
rib,1.380,210.220591
rib,1.390,209.897363
rib,1.400,209.573113
rib,1.410,209.247875
rib,1.420,208.921681
rib,1.430,208.594565
rib,1.440,208.266558
rib,1.450,207.937692
rib,1.460,207.607998
rib,1.470,207.277506
rib,1.480,206.946245
rib,1.490,206.614245
rib,1.500,206.281535
rib,1.510,205.948143
rib,1.520,205.614096
rib,1.530,205.279423
rib,1.540,204.944148
rib,1.550,204.608299
rib,1.560,204.271901
rib,1.570,203.934980
rib,1.580,203.597560
rib,1.590,203.259665
rib,1.600,202.921320
rib,1.610,202.582548
rib,1.620,202.243371
rib,1.630,201.903812
rib,1.640,201.563893
rib,1.650,201.223636
rib,1.660,200.883063
rib,1.670,200.542193
rib,1.680,200.201047
rib,1.690,199.859646
rib,1.700,199.518009
rib,1.710,199.176156
rib,1.720,198.834104
rib,1.730,198.491874
rib,1.740,198.149482
rib,1.750,197.806947
rib,1.760,197.464286
rib,1.770,197.121517
rib,1.780,196.778655
rib,1.790,196.435718
rib,1.800,196.092722
rib,1.810,195.749683
rib,1.820,195.406615
rib,1.830,195.063535
rib,1.840,194.720457
rib,1.850,194.377395
rib,1.860,194.034365
rib,1.870,193.691379
rib,1.880,193.348453
rib,1.890,193.005598
rib,1.900,192.662829
rib,1.910,192.320158
rib,1.920,191.977599
rib,1.930,191.635163
rib,1.940,191.292862
rib,1.950,190.950709
rib,1.960,190.608715
rib,1.970,190.266891
rib,1.980,189.925250
rib,1.990,189.583801
rib,2.000,189.242555
rib,2.010,188.901524
rib,2.020,188.560717
rib,2.030,188.220144
rib,2.040,187.879816
rib,2.050,187.539741
rib,2.060,187.199931
rib,2.070,186.860392
rib,2.080,186.521136
rib,2.090,186.182171
rib,2.100,185.843504
rib,2.110,185.505146
rib,2.120,185.167104
rib,2.130,184.829387
rib,2.140,184.492002
rib,2.150,184.154958
rib,2.160,183.818262
rib,2.170,183.481921
rib,2.180,183.145943
rib,2.190,182.810335
rib,2.200,182.475104
rib,2.210,182.140257
rib,2.220,181.805801
rib,2.230,181.471742
rib,2.240,181.138087
rib,2.250,180.804842
rib,2.260,180.472013
rib,2.270,180.139606
rib,2.280,179.807627
rib,2.290,179.476083
rib,2.300,179.144978
rib,2.310,178.814318
rib,2.320,178.484108
rib,2.330,178.154354
rib,2.340,177.825061
rib,2.350,177.496234
rib,2.360,177.167878
rib,2.370,176.839997
rib,2.380,176.512597
rib,2.390,176.185682
rib,2.400,175.859256
rib,2.410,175.533324
rib,2.420,175.207890
rib,2.430,174.882959
rib,2.440,174.558534
rib,2.450,174.234619
rib,2.460,173.911218
rib,2.470,173.588336
rib,2.480,173.265975
rib,2.490,172.944140
rib,2.500,172.622834
rib,2.510,172.302060
rib,2.520,171.981821
rib,2.530,171.662122
rib,2.540,171.342965
rib,2.550,171.024354
rib,2.560,170.706290
rib,2.570,170.388779
rib,2.580,170.071821
rib,2.590,169.755420
rib,2.600,169.439580
rib,2.610,169.124301
rib,2.620,168.809588
rib,2.630,168.495442
rib,2.640,168.181867
rib,2.650,167.868863
rib,2.660,167.556435
rib,2.670,167.244584
rib,2.680,166.933311
rib,2.690,166.622621
rib,2.700,166.312513
rib,2.710,166.002992
rib,2.720,165.694057
rib,2.730,165.385712
rib,2.740,165.077959
rib,2.750,164.770798
rib,2.760,164.464232
rib,2.770,164.158263
rib,2.780,163.852891
rib,2.790,163.548119
rib,2.800,163.243949
rib,2.810,162.940381
rib,2.820,162.637417
rib,2.830,162.335059
rib,2.840,162.033308
rib,2.850,161.732164
rib,2.860,161.431630
rib,2.870,161.131707
rib,2.880,160.832396
rib,2.890,160.533697
rib,2.900,160.235612
rib,2.910,159.938142
rib,2.920,159.641289
rib,2.930,159.345052
rib,2.940,159.049433
rib,2.950,158.754432
rib,2.960,158.460052
rib,2.970,158.166291
rib,2.980,157.873152
rib,2.990,157.580635
rib,3.000,157.288740
rib,3.010,156.997468
rib,3.020,156.706821
rib,3.030,156.416797
rib,3.040,156.127399
rib,3.050,155.838626
rib,3.060,155.550479
rib,3.070,155.262959
rib,3.080,154.976066
rib,3.090,154.689800
rib,3.100,154.404161
rib,3.110,154.119151
rib,3.120,153.834769
rib,3.130,153.551016
rib,3.140,153.267892
rib,3.150,152.985396
rib,3.160,152.703531
rib,3.170,152.422294
rib,3.180,152.141688
rib,3.190,151.861711
rib,3.200,151.582364
rib,3.210,151.303648
rib,3.220,151.025561
rib,3.230,150.748105
rib,3.240,150.471278
rib,3.250,150.195082
rib,3.260,149.919516
rib,3.270,149.644580
rib,3.280,149.370274
rib,3.290,149.096598
rib,3.300,148.823552
rib,3.310,148.551136
rib,3.320,148.279349
rib,3.330,148.008191
rib,3.340,147.737662
rib,3.350,147.467763
rib,3.360,147.198492
rib,3.370,146.929849
rib,3.380,146.661835
rib,3.390,146.394449
rib,3.400,146.127690
rib,3.410,145.861559
rib,3.420,145.596054
rib,3.430,145.331176
rib,3.440,145.066925
rib,3.450,144.803299
rib,3.460,144.540299
rib,3.470,144.277923
rib,3.480,144.016173
rib,3.490,143.755046
rib,3.500,143.494544
rib,3.510,143.234664
rib,3.520,142.975408
rib,3.530,142.716773
rib,3.540,142.458761
rib,3.550,142.201370
rib,3.560,141.944599
rib,3.570,141.688449
rib,3.580,141.432918
rib,3.590,141.178006
rib,3.600,140.923713
rib,3.610,140.670038
rib,3.620,140.416979
rib,3.630,140.164538
rib,3.640,139.912712
rib,3.650,139.661502
rib,3.660,139.410907
rib,3.670,139.160925
rib,3.680,138.911557
rib,3.690,138.662802
rib,3.700,138.414658
rib,3.710,138.167126
rib,3.720,137.920205
rib,3.730,137.673893
rib,3.740,137.428191
rib,3.750,137.183097
rib,3.760,136.938610
rib,3.770,136.694731
rib,3.780,136.451457
rib,3.790,136.208789
rib,3.800,135.966725
rib,3.810,135.725266
rib,3.820,135.484409
rib,3.830,135.244154
rib,3.840,135.004501
rib,3.850,134.765448
rib,3.860,134.526995
rib,3.870,134.289141
rib,3.880,134.051885
rib,3.890,133.815226
rib,3.900,133.579163
rib,3.910,133.343696
rib,3.920,133.108823
rib,3.930,132.874544
rib,3.940,132.640858
rib,3.950,132.407764
rib,3.960,132.175261
rib,3.970,131.943348
rib,3.980,131.712024
rib,3.990,131.481289
rib,4.000,131.251141
rib,4.010,131.021580
rib,4.020,130.792604
rib,4.030,130.564213
rib,4.040,130.336405
rib,4.050,130.109181
rib,4.060,129.882538
rib,4.070,129.656476
rib,4.080,129.430994
rib,4.090,129.206090
rib,4.100,128.981765
rib,4.110,128.758017
rib,4.120,128.534845
rib,4.130,128.312248
rib,4.140,128.090225
rib,4.150,127.868775
rib,4.160,127.647897
rib,4.170,127.427590
rib,4.180,127.207854
rib,4.190,126.988686
rib,4.200,126.770087
rib,4.210,126.552055
rib,4.220,126.334589
rib,4.230,126.117688
rib,4.240,125.901351
rib,4.250,125.685577
rib,4.260,125.470365
rib,4.270,125.255714
rib,4.280,125.041623
rib,4.290,124.828091
rib,4.300,124.615116
rib,4.310,124.403393
rib,4.320,124.192561
rib,4.330,123.982275
rib,4.340,123.772536
rib,4.350,123.563341
rib,4.360,123.354691
rib,4.370,123.146583
rib,4.380,122.939017
rib,4.390,122.731992
rib,4.400,122.525507
rib,4.410,122.319561
rib,4.420,122.114153
rib,4.430,121.909281
rib,4.440,121.704945
rib,4.450,121.501144
rib,4.460,121.297877
rib,4.470,121.095142
rib,4.480,120.892938
rib,4.490,120.691265
rib,4.500,120.490122
rib,4.510,120.289507
rib,4.520,120.089419
rib,4.530,119.889858
rib,4.540,119.690822
rib,4.550,119.492310
rib,4.560,119.294322
rib,4.570,119.096855
rib,4.580,118.899910
rib,4.590,118.703484
rib,4.600,118.507578
rib,4.610,118.312189
rib,4.620,118.117318
rib,4.630,117.922962
rib,4.640,117.729120
rib,4.650,117.535793
rib,4.660,117.342978
rib,4.670,117.150674
rib,4.680,116.958882
rib,4.690,116.767598
rib,4.700,116.576823
rib,4.710,116.386555
rib,4.720,116.196793
rib,4.730,116.007537
rib,4.740,115.818784
rib,4.750,115.630535
rib,4.760,115.442788
rib,4.770,115.255541
rib,4.780,115.068795
rib,4.790,114.882547
rib,4.800,114.696796
rib,4.810,114.511543
rib,4.820,114.326785
rib,4.830,114.142522
rib,4.840,113.958751
rib,4.850,113.775474
rib,4.860,113.592687
rib,4.870,113.410391
rib,4.880,113.228584
rib,4.890,113.047266
rib,4.900,112.866434
rib,4.910,112.686088
rib,4.920,112.506227
rib,4.930,112.326850
rib,4.940,112.147956
rib,4.950,111.969543
rib,4.960,111.791611
rib,4.970,111.614159
rib,4.980,111.437185
rib,4.990,111.260689
rib,5.000,111.084669
rib,5.010,110.909124
rib,5.020,110.734054
rib,5.030,110.559457
rib,5.040,110.385332
rib,5.050,110.211678
rib,5.060,110.038494
rib,5.070,109.865779
rib,5.080,109.693532
rib,5.090,109.521751
rib,5.100,109.350437
rib,5.110,109.179587
rib,5.120,109.009201
rib,5.130,108.839278
rib,5.140,108.669816
rib,5.150,108.500815
rib,5.160,108.332273
rib,5.170,108.164189
rib,5.180,107.996563
rib,5.190,107.829393
rib,5.200,107.662679
rib,5.210,107.496418
rib,5.220,107.330611
rib,5.230,107.165256
rib,5.240,107.000351
rib,5.250,106.835897
rib,5.260,106.671892
rib,5.270,106.508335
rib,5.280,106.345224
rib,5.290,106.182560
rib,5.300,106.020340
rib,5.310,105.858564
rib,5.320,105.697230
rib,5.330,105.536338
rib,5.340,105.375887
rib,5.350,105.215876
rib,5.360,105.056302
rib,5.370,104.897167
rib,5.380,104.738468
rib,5.390,104.580204
rib,5.400,104.422375
rib,5.410,104.264979
rib,5.420,104.108016
rib,5.430,103.951483
rib,5.440,103.795382
rib,5.450,103.639709
rib,5.460,103.484464
rib,5.470,103.329647
rib,5.480,103.175256
rib,5.490,103.021290
rib,5.500,102.867749
rib,5.510,102.714630
rib,5.520,102.561934
rib,5.530,102.409658
rib,5.540,102.257803
rib,5.550,102.106367
rib,5.560,101.955349
rib,5.570,101.804748
rib,5.580,101.654563
rib,5.590,101.504793
rib,5.600,101.355437
rib,5.610,101.206494
rib,5.620,101.057963
rib,5.630,100.909843
rib,5.640,100.762133
rib,5.650,100.614832
rib,5.660,100.467939
rib,5.670,100.321453
rib,5.680,100.175373
rib,5.690,100.029698
rib,5.700,99.884427
rib,5.710,99.739559
rib,5.720,99.595093
rib,5.730,99.451028
rib,5.740,99.307363
rib,5.750,99.164098
rib,5.760,99.021230
rib,5.770,98.878760
rib,5.780,98.736685
rib,5.790,98.595006
rib,5.800,98.453721
rib,5.810,98.312829
rib,5.820,98.172329
rib,5.830,98.032221
rib,5.840,97.892502
rib,5.850,97.753173
rib,5.860,97.614233
rib,5.870,97.475679
rib,5.880,97.337513
rib,5.890,97.199731
rib,5.900,97.062334
rib,5.910,96.925320
rib,5.920,96.788689
rib,5.930,96.652440
rib,5.940,96.516571
rib,5.950,96.381082
rib,5.960,96.245971
rib,5.970,96.111239
rib,5.980,95.976883
rib,5.990,95.842902
rib,6.000,95.709297
rib,6.010,95.576066
rib,6.020,95.443208
rib,6.030,95.310722
rib,6.040,95.178606
rib,6.050,95.046862
rib,6.060,94.915486
rib,6.070,94.784479
rib,6.080,94.653839
rib,6.090,94.523565
rib,6.100,94.393657
rib,6.110,94.264114
rib,6.120,94.134934
rib,6.130,94.006117
rib,6.140,93.877661
rib,6.150,93.749567
rib,6.160,93.621833
rib,6.170,93.494457
rib,6.180,93.367440
rib,6.190,93.240780
rib,6.200,93.114476
rib,6.210,92.988527
rib,6.220,92.862933
rib,6.230,92.737693
rib,6.240,92.612805
rib,6.250,92.488269
rib,6.260,92.364083
rib,6.270,92.240248
rib,6.280,92.116762
rib,6.290,91.993623
rib,6.300,91.870832
rib,6.310,91.748388
rib,6.320,91.626288
rib,6.330,91.504534
rib,6.340,91.383122
rib,6.350,91.262054
rib,6.360,91.141328
rib,6.370,91.020942
rib,6.380,90.900897
rib,6.390,90.781190
rib,6.400,90.661823
rib,6.410,90.542792
rib,6.420,90.424098
rib,6.430,90.305740
rib,6.440,90.187717
rib,6.450,90.070027
rib,6.460,89.952671
rib,6.470,89.835647
rib,6.480,89.718954
rib,6.490,89.602592
rib,6.500,89.486559
rib,6.510,89.370856
rib,6.520,89.255480
rib,6.530,89.140431
rib,6.540,89.025708
rib,6.550,88.911310
rib,6.560,88.797237
rib,6.570,88.683488
rib,6.580,88.570061
rib,6.590,88.456957
rib,6.600,88.344173
rib,6.610,88.231710
rib,6.620,88.119566
rib,6.630,88.007740
rib,6.640,87.896232
rib,6.650,87.785041
rib,6.660,87.674167
rib,6.670,87.563607
rib,6.680,87.453362
rib,6.690,87.343430
rib,6.700,87.233811
rib,6.710,87.124503
rib,6.720,87.015507
rib,6.730,86.906821
rib,6.740,86.798445
rib,6.750,86.690377
rib,6.760,86.582617
rib,6.770,86.475164
rib,6.780,86.368017
rib,6.790,86.261175
rib,6.800,86.154638
rib,6.810,86.048404
rib,6.820,85.942473
rib,6.830,85.836845
rib,6.840,85.731517
rib,6.850,85.626491
rib,6.860,85.521764
rib,6.870,85.417335
rib,6.880,85.313205
rib,6.890,85.209372
rib,6.900,85.105836
rib,6.910,85.002595
rib,6.920,84.899649
rib,6.930,84.796998
rib,6.940,84.694639
rib,6.950,84.592574
rib,6.960,84.490800
rib,6.970,84.389317
rib,6.980,84.288124
rib,6.990,84.187220
rib,7.000,84.086606
rib,7.010,83.986279
rib,7.020,83.886239
rib,7.030,83.786486
rib,7.040,83.687018
rib,7.050,83.587835
rib,7.060,83.488935
rib,7.070,83.390320
rib,7.080,83.291986
rib,7.090,83.193935
rib,7.100,83.096164
rib,7.110,82.998674
rib,7.120,82.901463
rib,7.130,82.804530
rib,7.140,82.707876
rib,7.150,82.611499
rib,7.160,82.515398
rib,7.170,82.419574
rib,7.180,82.324024
rib,7.190,82.228748
rib,7.200,82.133746
rib,7.210,82.039016
rib,7.220,81.944559
rib,7.230,81.850372
rib,7.240,81.756456
rib,7.250,81.662811
rib,7.260,81.569434
rib,7.270,81.476325
rib,7.280,81.383484
rib,7.290,81.290910
rib,7.300,81.198602
rib,7.310,81.106559
rib,7.320,81.014782
rib,7.330,80.923268
rib,7.340,80.832017
rib,7.350,80.741029
rib,7.360,80.650303
rib,7.370,80.559838
rib,7.380,80.469633
rib,7.390,80.379688
rib,7.400,80.290002
rib,7.410,80.200574
rib,7.420,80.111404
rib,7.430,80.022491
rib,7.440,79.933834
rib,7.450,79.845432
rib,7.460,79.757285
rib,7.470,79.669392
rib,7.480,79.581753
rib,7.490,79.494366
rib,7.500,79.407231
rib,7.510,79.320348
rib,7.520,79.233715
rib,7.530,79.147332
rib,7.540,79.061198
rib,7.550,78.975313
rib,7.560,78.889676
rib,7.570,78.804286
rib,7.580,78.719142
rib,7.590,78.634245
rib,7.600,78.549592
rib,7.610,78.465184
rib,7.620,78.381020
rib,7.630,78.297099
rib,7.640,78.213420
rib,7.650,78.129983
rib,7.660,78.046787
rib,7.670,77.963832
rib,7.680,77.881117
rib,7.690,77.798641
rib,7.700,77.716403
rib,7.710,77.634403
rib,7.720,77.552640
rib,7.730,77.471114
rib,7.740,77.389824
rib,7.750,77.308769
rib,7.760,77.227949
rib,7.770,77.147362
rib,7.780,77.067009
rib,7.790,76.986888
rib,7.800,76.906999
rib,7.810,76.827342
rib,7.820,76.747916
rib,7.830,76.668719
rib,7.840,76.589752
rib,7.850,76.511014
rib,7.860,76.432504
rib,7.870,76.354221
rib,7.880,76.276165
rib,7.890,76.198336
rib,7.900,76.120732
rib,7.910,76.043354
rib,7.920,75.966199
rib,7.930,75.889269
rib,7.940,75.812561
rib,7.950,75.736076
rib,7.960,75.659813
rib,7.970,75.583772
rib,7.980,75.507951
rib,7.990,75.432350
rib,8.000,75.356968
rib,8.010,75.281806
rib,8.020,75.206861
rib,8.030,75.132135
rib,8.040,75.057625
rib,8.050,74.983332
rib,8.060,74.909254
rib,8.070,74.835392
rib,8.080,74.761744
rib,8.090,74.688311
rib,8.100,74.615090
rib,8.110,74.542083
rib,8.120,74.469288
rib,8.130,74.396704
rib,8.140,74.324332
rib,8.150,74.252170
rib,8.160,74.180218
rib,8.170,74.108475
rib,8.180,74.036940
rib,8.190,73.965614
rib,8.200,73.894496
rib,8.210,73.823584
rib,8.220,73.752879
rib,8.230,73.682380
rib,8.240,73.612085
rib,8.250,73.541996
rib,8.260,73.472110
rib,8.270,73.402428
rib,8.280,73.332949
rib,8.290,73.263672
rib,8.300,73.194598
rib,8.310,73.125724
rib,8.320,73.057051
rib,8.330,72.988578
rib,8.340,72.920304
rib,8.350,72.852230
rib,8.360,72.784354
rib,8.370,72.716676
rib,8.380,72.649195
rib,8.390,72.581911
rib,8.400,72.514823
rib,8.410,72.447931
rib,8.420,72.381234
rib,8.430,72.314731
rib,8.440,72.248422
rib,8.450,72.182307
rib,8.460,72.116385
rib,8.470,72.050655
rib,8.480,71.985117
rib,8.490,71.919770
rib,8.500,71.854614
rib,8.510,71.789649
rib,8.520,71.724872
rib,8.530,71.660285
rib,8.540,71.595887
rib,8.550,71.531677
rib,8.560,71.467654
rib,8.570,71.403818
rib,8.580,71.340169
rib,8.590,71.276706
rib,8.600,71.213428
rib,8.610,71.150335
rib,8.620,71.087426
rib,8.630,71.024701
rib,8.640,70.962160
rib,8.650,70.899802
rib,8.660,70.837625
rib,8.670,70.775631
rib,8.680,70.713818
rib,8.690,70.652185
rib,8.700,70.590733
rib,8.710,70.529461
rib,8.720,70.468368
rib,8.730,70.407453
rib,8.740,70.346717
rib,8.750,70.286159
rib,8.760,70.225778
rib,8.770,70.165573
rib,8.780,70.105545
rib,8.790,70.045692
rib,8.800,69.986015
rib,8.810,69.926512
rib,8.820,69.867184
rib,8.830,69.808029
rib,8.840,69.749048
rib,8.850,69.690239
rib,8.860,69.631603
rib,8.870,69.573138
rib,8.880,69.514845
rib,8.890,69.456722
rib,8.900,69.398770
rib,8.910,69.340987
rib,8.920,69.283374
rib,8.930,69.225930
rib,8.940,69.168654
rib,8.950,69.111546
rib,8.960,69.054606
rib,8.970,68.997832
rib,8.980,68.941225
rib,8.990,68.884784
rib,9.000,68.828508
rib,9.010,68.772398
rib,9.020,68.716452
rib,9.030,68.660670
rib,9.040,68.605052
rib,9.050,68.549597
rib,9.060,68.494305
rib,9.070,68.439175
rib,9.080,68.384207
rib,9.090,68.329400
rib,9.100,68.274754
rib,9.110,68.220268
rib,9.120,68.165943
rib,9.130,68.111776
rib,9.140,68.057769
rib,9.150,68.003921
rib,9.160,67.950231
rib,9.170,67.896698
rib,9.180,67.843322
rib,9.190,67.790104
rib,9.200,67.737042
rib,9.210,67.684135
rib,9.220,67.631384
rib,9.230,67.578788
rib,9.240,67.526347
rib,9.250,67.474060
rib,9.260,67.421926
rib,9.270,67.369946
rib,9.280,67.318118
rib,9.290,67.266443
rib,9.300,67.214920
rib,9.310,67.163548
rib,9.320,67.112327
rib,9.330,67.061257
rib,9.340,67.010337
rib,9.350,66.959567
rib,9.360,66.908947
rib,9.370,66.858475
rib,9.380,66.808151
rib,9.390,66.757976
rib,9.400,66.707948
rib,9.410,66.658068
rib,9.420,66.608334
rib,9.430,66.558747
rib,9.440,66.509306
rib,9.450,66.460010
rib,9.460,66.410859
rib,9.470,66.361853
rib,9.480,66.312991
rib,9.490,66.264273
rib,9.500,66.215699
rib,9.510,66.167268
rib,9.520,66.118979
rib,9.530,66.070833
rib,9.540,66.022828
rib,9.550,65.974965
rib,9.560,65.927242
rib,9.570,65.879661
rib,9.580,65.832219
rib,9.590,65.784917
rib,9.600,65.737755
rib,9.610,65.690732
rib,9.620,65.643847
rib,9.630,65.597101
rib,9.640,65.550492
rib,9.650,65.504020
rib,9.660,65.457686
rib,9.670,65.411488
rib,9.680,65.365427
rib,9.690,65.319501
rib,9.700,65.273711
rib,9.710,65.228056
rib,9.720,65.182535
rib,9.730,65.137149
rib,9.740,65.091896
rib,9.750,65.046777
rib,9.760,65.001791
rib,9.770,64.956938
rib,9.780,64.912217
rib,9.790,64.867629
rib,9.800,64.823171
rib,9.810,64.778845
rib,9.820,64.734650
rib,9.830,64.690585
rib,9.840,64.646651
rib,9.850,64.602846
rib,9.860,64.559170
rib,9.870,64.515623
rib,9.880,64.472205
rib,9.890,64.428915
rib,9.900,64.385753
rib,9.910,64.342718
rib,9.920,64.299811
rib,9.930,64.257030
rib,9.940,64.214375
rib,9.950,64.171847
rib,9.960,64.129444
rib,9.970,64.087166
rib,9.980,64.045014
rib,9.990,64.002986
rib,10.000,63.961082
rib,10.010,63.919301
rib,10.020,63.877645
rib,10.030,63.836111
rib,10.040,63.794701
rib,10.050,63.753412
rib,10.060,63.712246
rib,10.070,63.671201
rib,10.080,63.630278
rib,10.090,63.589476
rib,10.100,63.548794
rib,10.110,63.508233
rib,10.120,63.467791
rib,10.130,63.427470
rib,10.140,63.387267
rib,10.150,63.347184
rib,10.160,63.307218
rib,10.170,63.267372
rib,10.180,63.227643
rib,10.190,63.188031
rib,10.200,63.148537
rib,10.210,63.109160
rib,10.220,63.069899
rib,10.230,63.030754
rib,10.240,62.991725
rib,10.250,62.952812
rib,10.260,62.914014
rib,10.270,62.875331
rib,10.280,62.836762
rib,10.290,62.798307
rib,10.300,62.759966
