t,x_mm,T_solver,T_series
0.1000,0.00500,54.334354,54.331790
0.1000,0.01500,62.987273,62.979622
0.1000,0.02500,71.592995,71.580379
0.1000,0.03500,80.120626,80.103248
0.1000,0.04500,88.540121,88.518256
0.1000,0.05500,96.822599,96.796591
0.1000,0.06500,104.940639,104.910891
0.1000,0.07500,112.868551,112.835517
0.1000,0.08500,120.582617,120.546791
0.1000,0.09500,128.061298,128.023201
0.1000,0.10500,135.285398,135.245571
0.1000,0.11500,142.238202,142.197192
0.1000,0.12500,148.905560,148.863909
0.1000,0.13500,155.275940,155.234176
0.1000,0.14500,161.340439,161.299065
0.1000,0.15500,167.092758,167.052242
0.1000,0.16500,172.529133,172.489905
0.1000,0.17500,177.648249,177.610689
0.1000,0.18500,182.451105,182.415544
0.1000,0.19500,186.940872,186.907585
0.1000,0.20500,191.122717,191.091925
0.1000,0.21500,195.003617,194.975482
0.1000,0.22500,198.592156,198.566785
0.1000,0.23500,201.898317,201.875765
0.1000,0.24500,204.933270,204.913542
0.1000,0.25500,207.709159,207.692214
0.1000,0.26500,210.238893,210.224649
0.1000,0.27500,212.535943,212.524284
0.1000,0.28500,214.614156,214.604934
0.1000,0.29500,216.487569,216.480616
0.1000,0.30500,218.170251,218.165379
0.1000,0.31500,219.676150,219.673159
0.1000,0.32500,221.018965,221.017647
0.1000,0.33500,222.212026,222.212173
0.1000,0.34500,223.268203,223.269608
0.1000,0.35500,224.199824,224.202285
0.1000,0.36500,225.018610,225.021936
0.1000,0.37500,225.735630,225.739641
0.1000,0.38500,226.361267,226.365798
0.1000,0.39500,226.905200,226.910099
0.1000,0.40500,227.376395,227.381527
0.1000,0.41500,227.783108,227.788355
0.1000,0.42500,228.132901,228.138160
0.1000,0.43500,228.432656,228.437843
0.1000,0.44500,228.688609,228.693652
0.1000,0.45500,228.906375,228.911218
0.1000,0.46500,229.090985,229.095585
0.1000,0.47500,229.246928,229.251253
0.1000,0.48500,229.378181,229.382211
0.1000,0.49500,229.488258,229.491981
0.1000,0.50500,229.580246,229.583657
0.1000,0.51500,229.656841,229.659944
0.1000,0.52500,229.720392,229.723194
0.1000,0.53500,229.772932,229.775444
0.1000,0.54500,229.816213,229.818452
0.1000,0.55500,229.851740,229.853723
0.1000,0.56500,229.880798,229.882543
0.1000,0.57500,229.904481,229.906008
0.1000,0.58500,229.923714,229.925043
0.1000,0.59500,229.939278,229.940427
0.1000,0.60500,229.951829,229.952817
0.1000,0.61500,229.961912,229.962759
0.1000,0.62500,229.969986,229.970707
0.1000,0.63500,229.976428,229.977038
0.1000,0.64500,229.981548,229.982063
0.1000,0.65500,229.985605,229.986037
0.1000,0.66500,229.988808,229.989168
0.1000,0.67500,229.991327,229.991626
0.1000,0.68500,229.993301,229.993548
0.1000,0.69500,229.994844,229.995047
0.1000,0.70500,229.996044,229.996211
0.1000,0.71500,229.996975,229.997111
0.1000,0.72500,229.997695,229.997805
0.1000,0.73500,229.998249,229.998338
0.1000,0.74500,229.998675,229.998746
0.1000,0.75500,229.999000,229.999057
0.1000,0.76500,229.999248,229.999294
0.1000,0.77500,229.999436,229.999473
0.1000,0.78500,229.999579,229.999608
0.1000,0.79500,229.999687,229.999709
0.1000,0.80500,229.999767,229.999785
0.1000,0.81500,229.999828,229.999842
0.1000,0.82500,229.999873,229.999884
0.1000,0.83500,229.999907,229.999915
0.1000,0.84500,229.999932,229.999938
0.1000,0.85500,229.999950,229.999955
0.1000,0.86500,229.999964,229.999968
0.1000,0.87500,229.999974,229.999977
0.1000,0.88500,229.999981,229.999983
0.1000,0.89500,229.999986,229.999988
0.1000,0.90500,229.999990,229.999991
0.1000,0.91500,229.999993,229.999994
0.1000,0.92500,229.999995,229.999996
0.1000,0.93500,229.999996,229.999997
0.1000,0.94500,229.999997,229.999998
0.1000,0.95500,229.999998,229.999998
0.1000,0.96500,229.999999,229.999999
0.1000,0.97500,229.999999,229.999999
0.1000,0.98500,229.999999,229.999999
0.1000,0.99500,229.999999,229.999999
0.1000,1.00500,229.999999,229.999999
0.1000,1.01500,229.999999,229.999999
0.1000,1.02500,229.999999,229.999999
0.1000,1.03500,229.999999,229.999999
0.1000,1.04500,229.999998,229.999998
0.1000,1.05500,229.999997,229.999998
0.1000,1.06500,229.999996,229.999997
0.1000,1.07500,229.999995,229.999996
0.1000,1.08500,229.999993,229.999994
0.1000,1.09500,229.999990,229.999991
0.1000,1.10500,229.999986,229.999988
0.1000,1.11500,229.999981,229.999983
0.1000,1.12500,229.999974,229.999977
0.1000,1.13500,229.999964,229.999968
0.1000,1.14500,229.999950,229.999955
0.1000,1.15500,229.999932,229.999938
0.1000,1.16500,229.999907,229.999915
0.1000,1.17500,229.999873,229.999884
0.1000,1.18500,229.999828,229.999842
0.1000,1.19500,229.999767,229.999785
0.1000,1.20500,229.999687,229.999709
0.1000,1.21500,229.999579,229.999608
0.1000,1.22500,229.999436,229.999473
0.1000,1.23500,229.999248,229.999294
0.1000,1.24500,229.999000,229.999057
0.1000,1.25500,229.998675,229.998746
0.1000,1.26500,229.998249,229.998338
0.1000,1.27500,229.997695,229.997805
0.1000,1.28500,229.996975,229.997111
0.1000,1.29500,229.996044,229.996211
0.1000,1.30500,229.994844,229.995047
0.1000,1.31500,229.993301,229.993548
0.1000,1.32500,229.991327,229.991626
0.1000,1.33500,229.988808,229.989168
0.1000,1.34500,229.985605,229.986037
0.1000,1.35500,229.981548,229.982063
0.1000,1.36500,229.976428,229.977038
0.1000,1.37500,229.969986,229.970707
0.1000,1.38500,229.961912,229.962759
0.1000,1.39500,229.951829,229.952817
0.1000,1.40500,229.939278,229.940427
0.1000,1.41500,229.923714,229.925043
0.1000,1.42500,229.904481,229.906008
0.1000,1.43500,229.880798,229.882543
0.1000,1.44500,229.851740,229.853723
0.1000,1.45500,229.816213,229.818452
0.1000,1.46500,229.772932,229.775444
0.1000,1.47500,229.720392,229.723194
0.1000,1.48500,229.656841,229.659944
0.1000,1.49500,229.580246,229.583657
0.1000,1.50500,229.488258,229.491981
0.1000,1.51500,229.378181,229.382211
0.1000,1.52500,229.246928,229.251253
0.1000,1.53500,229.090985,229.095585
0.1000,1.54500,228.906375,228.911218
0.1000,1.55500,228.688609,228.693652
0.1000,1.56500,228.432656,228.437843
0.1000,1.57500,228.132901,228.138160
0.1000,1.58500,227.783108,227.788355
0.1000,1.59500,227.376395,227.381527
0.1000,1.60500,226.905200,226.910099
0.1000,1.61500,226.361267,226.365798
0.1000,1.62500,225.735630,225.739641
0.1000,1.63500,225.018610,225.021936
0.1000,1.64500,224.199824,224.202285
0.1000,1.65500,223.268203,223.269608
0.1000,1.66500,222.212026,222.212173
0.1000,1.67500,221.018965,221.017647
0.1000,1.68500,219.676150,219.673159
0.1000,1.69500,218.170251,218.165379
0.1000,1.70500,216.487569,216.480616
0.1000,1.71500,214.614156,214.604934
0.1000,1.72500,212.535943,212.524284
0.1000,1.73500,210.238893,210.224649
0.1000,1.74500,207.709159,207.692214
0.1000,1.75500,204.933270,204.913542
0.1000,1.76500,201.898317,201.875765
0.1000,1.77500,198.592156,198.566785
0.1000,1.78500,195.003617,194.975482
0.1000,1.79500,191.122717,191.091925
0.1000,1.80500,186.940872,186.907585
0.1000,1.81500,182.451105,182.415544
0.1000,1.82500,177.648249,177.610689
0.1000,1.83500,172.529133,172.489905
0.1000,1.84500,167.092758,167.052242
0.1000,1.85500,161.340439,161.299065
0.1000,1.86500,155.275940,155.234176
0.1000,1.87500,148.905560,148.863909
0.1000,1.88500,142.238202,142.197192
0.1000,1.89500,135.285398,135.245571
0.1000,1.90500,128.061298,128.023201
0.1000,1.91500,120.582617,120.546791
0.1000,1.92500,112.868551,112.835517
0.1000,1.93500,104.940639,104.910891
0.1000,1.94500,96.822599,96.796591
0.1000,1.95500,88.540121,88.518256
0.1000,1.96500,80.120626,80.103248
0.1000,1.97500,71.592995,71.580379
0.1000,1.98500,62.987273,62.979622
0.1000,1.99500,54.334354,54.331790
0.5000,0.00500,51.937703,51.937469
0.5000,0.01500,55.811697,55.810996
0.5000,0.02500,59.681461,59.680295
0.5000,0.03500,63.544186,63.542559
0.5000,0.04500,67.397078,67.394995
0.5000,0.05500,71.237363,71.234832
0.5000,0.06500,75.062296,75.059324
0.5000,0.07500,78.869166,78.865763
0.5000,0.08500,82.655299,82.651476
0.5000,0.09500,86.418066,86.413835
0.5000,0.10500,90.154890,90.150265
0.5000,0.11500,93.863247,93.858242
0.5000,0.12500,97.540676,97.535307
0.5000,0.13500,101.184778,101.179063
0.5000,0.14500,104.793228,104.787183
0.5000,0.15500,108.363773,108.357417
0.5000,0.16500,111.894238,111.887591
0.5000,0.17500,115.382532,115.375614
0.5000,0.18500,118.826649,118.819481
0.5000,0.19500,122.224673,122.217276
0.5000,0.20500,125.574780,125.567176
0.5000,0.21500,128.875241,128.867452
0.5000,0.22500,132.124424,132.116472
0.5000,0.23500,135.320796,135.312704
0.5000,0.24500,138.462926,138.454716
0.5000,0.25500,141.549485,141.541180
0.5000,0.26500,144.579248,144.570870
0.5000,0.27500,147.551095,147.542666
0.5000,0.28500,150.464008,150.455550
0.5000,0.29500,153.317077,153.308611
0.5000,0.30500,156.109495,156.101043
0.5000,0.31500,158.840561,158.832142
0.5000,0.32500,161.509675,161.501310
0.5000,0.33500,164.116342,164.108050
0.5000,0.34500,166.660167,166.651967
0.5000,0.35500,169.140855,169.132764
0.5000,0.36500,171.558208,171.550243
0.5000,0.37500,173.912124,173.904301
0.5000,0.38500,176.202595,176.194929
0.5000,0.39500,178.429704,178.422209
0.5000,0.40500,180.593620,180.586310
0.5000,0.41500,182.694600,182.687486
0.5000,0.42500,184.732982,184.726076
0.5000,0.43500,186.709183,186.702495
0.5000,0.44500,188.623695,188.617233
0.5000,0.45500,190.477082,190.470856
0.5000,0.46500,192.269980,192.263996
0.5000,0.47500,194.003084,193.997349
0.5000,0.48500,195.677155,195.671673
0.5000,0.49500,197.293010,197.287785
0.5000,0.50500,198.851518,198.846553
0.5000,0.51500,200.353598,200.348896
0.5000,0.52500,201.800216,201.795779
0.5000,0.53500,203.192379,203.188207
0.5000,0.54500,204.531132,204.527223
0.5000,0.55500,205.817553,205.813907
0.5000,0.56500,207.052752,207.049367
0.5000,0.57500,208.237862,208.234735
0.5000,0.58500,209.374043,209.371171
0.5000,0.59500,210.462469,210.459848
0.5000,0.60500,211.504334,211.501959
0.5000,0.61500,212.500841,212.498707
0.5000,0.62500,213.453201,213.451303
0.5000,0.63500,214.362630,214.360963
0.5000,0.64500,215.230349,215.228904
0.5000,0.65500,216.057572,216.056345
0.5000,0.66500,216.845513,216.844496
0.5000,0.67500,217.595377,217.594563
0.5000,0.68500,218.308359,218.307740
0.5000,0.69500,218.985641,218.985209
0.5000,0.70500,219.628389,219.628137
0.5000,0.71500,220.237752,220.237673
0.5000,0.72500,220.814859,220.814945
0.5000,0.73500,221.360816,221.361058
0.5000,0.74500,221.876704,221.877096
0.5000,0.75500,222.363581,222.364114
0.5000,0.76500,222.822472,222.823139
0.5000,0.77500,223.254376,223.255169
0.5000,0.78500,223.660258,223.661170
0.5000,0.79500,224.041051,224.042075
0.5000,0.80500,224.397654,224.398783
0.5000,0.81500,224.730930,224.732156
0.5000,0.82500,225.041704,225.043021
0.5000,0.83500,225.330765,225.332167
0.5000,0.84500,225.598861,225.600341
0.5000,0.85500,225.846703,225.848255
0.5000,0.86500,226.074958,226.076576
0.5000,0.87500,226.284253,226.285931
0.5000,0.88500,226.475173,226.476906
0.5000,0.89500,226.648259,226.650042
0.5000,0.90500,226.804012,226.805839
0.5000,0.91500,226.942884,226.944751
0.5000,0.92500,227.065287,227.067188
0.5000,0.93500,227.171586,227.173517
0.5000,0.94500,227.262102,227.264058
0.5000,0.95500,227.337110,227.339087
0.5000,0.96500,227.396840,227.398834
0.5000,0.97500,227.441476,227.443483
0.5000,0.98500,227.471157,227.473172
0.5000,0.99500,227.485974,227.487993
0.5000,1.00500,227.485974,227.487993
0.5000,1.01500,227.471157,227.473172
0.5000,1.02500,227.441476,227.443483
0.5000,1.03500,227.396840,227.398834
0.5000,1.04500,227.337110,227.339087
0.5000,1.05500,227.262102,227.264058
0.5000,1.06500,227.171586,227.173517
0.5000,1.07500,227.065287,227.067188
0.5000,1.08500,226.942884,226.944751
0.5000,1.09500,226.804012,226.805839
0.5000,1.10500,226.648259,226.650042
0.5000,1.11500,226.475173,226.476906
0.5000,1.12500,226.284253,226.285931
0.5000,1.13500,226.074958,226.076576
0.5000,1.14500,225.846703,225.848255
0.5000,1.15500,225.598861,225.600341
0.5000,1.16500,225.330765,225.332167
0.5000,1.17500,225.041704,225.043021
0.5000,1.18500,224.730930,224.732156
0.5000,1.19500,224.397654,224.398783
0.5000,1.20500,224.041051,224.042075
0.5000,1.21500,223.660258,223.661170
0.5000,1.22500,223.254376,223.255169
0.5000,1.23500,222.822472,222.823139
0.5000,1.24500,222.363581,222.364114
0.5000,1.25500,221.876704,221.877096
0.5000,1.26500,221.360816,221.361058
0.5000,1.27500,220.814859,220.814945
0.5000,1.28500,220.237752,220.237673
0.5000,1.29500,219.628389,219.628137
0.5000,1.30500,218.985641,218.985209
0.5000,1.31500,218.308359,218.307740
0.5000,1.32500,217.595377,217.594563
0.5000,1.33500,216.845513,216.844496
0.5000,1.34500,216.057572,216.056345
0.5000,1.35500,215.230349,215.228904
0.5000,1.36500,214.362630,214.360963
0.5000,1.37500,213.453201,213.451303
0.5000,1.38500,212.500841,212.498707
0.5000,1.39500,211.504334,211.501959
0.5000,1.40500,210.462469,210.459848
0.5000,1.41500,209.374043,209.371171
0.5000,1.42500,208.237862,208.234735
0.5000,1.43500,207.052752,207.049367
0.5000,1.44500,205.817553,205.813907
0.5000,1.45500,204.531132,204.527223
0.5000,1.46500,203.192379,203.188207
0.5000,1.47500,201.800216,201.795779
0.5000,1.48500,200.353598,200.348896
0.5000,1.49500,198.851518,198.846553
0.5000,1.50500,197.293010,197.287785
0.5000,1.51500,195.677155,195.671673
0.5000,1.52500,194.003084,193.997349
0.5000,1.53500,192.269980,192.263996
0.5000,1.54500,190.477082,190.470856
0.5000,1.55500,188.623695,188.617233
0.5000,1.56500,186.709183,186.702495
0.5000,1.57500,184.732982,184.726076
0.5000,1.58500,182.694600,182.687486
0.5000,1.59500,180.593620,180.586310
0.5000,1.60500,178.429704,178.422209
0.5000,1.61500,176.202595,176.194929
0.5000,1.62500,173.912124,173.904301
0.5000,1.63500,171.558208,171.550243
0.5000,1.64500,169.140855,169.132764
0.5000,1.65500,166.660167,166.651967
0.5000,1.66500,164.116342,164.108050
0.5000,1.67500,161.509675,161.501310
0.5000,1.68500,158.840561,158.832142
0.5000,1.69500,156.109495,156.101043
0.5000,1.70500,153.317077,153.308611
0.5000,1.71500,150.464008,150.455550
0.5000,1.72500,147.551095,147.542666
0.5000,1.73500,144.579248,144.570870
0.5000,1.74500,141.549485,141.541180
0.5000,1.75500,138.462926,138.454716
0.5000,1.76500,135.320796,135.312704
0.5000,1.77500,132.124424,132.116472
0.5000,1.78500,128.875241,128.867452
0.5000,1.79500,125.574780,125.567176
0.5000,1.80500,122.224673,122.217276
0.5000,1.81500,118.826649,118.819481
0.5000,1.82500,115.382532,115.375614
0.5000,1.83500,111.894238,111.887591
0.5000,1.84500,108.363773,108.357417
0.5000,1.85500,104.793228,104.787183
0.5000,1.86500,101.184778,101.179063
0.5000,1.87500,97.540676,97.535307
0.5000,1.88500,93.863247,93.858242
0.5000,1.89500,90.154890,90.150265
0.5000,1.90500,86.418066,86.413835
0.5000,1.91500,82.655299,82.651476
0.5000,1.92500,78.869166,78.865763
0.5000,1.93500,75.062296,75.059324
0.5000,1.94500,71.237363,71.234832
0.5000,1.95500,67.397078,67.394995
0.5000,1.96500,63.544186,63.542559
0.5000,1.97500,59.681461,59.680295
0.5000,1.98500,55.811697,55.810996
0.5000,1.99500,51.937703,51.937469
1.0000,0.00500,51.368210,51.368130
1.0000,0.01500,54.104122,54.103883
1.0000,0.02500,56.838511,56.838113
1.0000,0.03500,59.570361,59.569805
1.0000,0.04500,62.298662,62.297949
1.0000,0.05500,65.022405,65.021537
1.0000,0.06500,67.740588,67.739565
1.0000,0.07500,70.452212,70.451037
1.0000,0.08500,73.156286,73.154960
1.0000,0.09500,75.851826,75.850353
1.0000,0.10500,78.537858,78.536238
1.0000,0.11500,81.213414,81.211652
1.0000,0.12500,83.877541,83.875639
1.0000,0.13500,86.529293,86.527255
1.0000,0.14500,89.167740,89.165569
1.0000,0.15500,91.791961,91.789661
1.0000,0.16500,94.401052,94.398627
1.0000,0.17500,96.994123,96.991576
1.0000,0.18500,99.570298,99.567634
1.0000,0.19500,102.128718,102.125942
1.0000,0.20500,104.668542,104.665658
1.0000,0.21500,107.188945,107.185958
1.0000,0.22500,109.689120,109.686036
1.0000,0.23500,112.168281,112.165104
1.0000,0.24500,114.625658,114.622394
1.0000,0.25500,117.060505,117.057158
1.0000,0.26500,119.472092,119.468669
1.0000,0.27500,121.859714,121.856219
1.0000,0.28500,124.222683,124.219123
1.0000,0.29500,126.560337,126.556717
1.0000,0.30500,128.872033,128.868358
1.0000,0.31500,131.157152,131.153428
1.0000,0.32500,133.415095,133.411328
1.0000,0.33500,135.645288,135.641484
1.0000,0.34500,137.847180,137.843344
1.0000,0.35500,140.020241,140.016380
1.0000,0.36500,142.163967,142.160086
1.0000,0.37500,144.277875,144.273979
1.0000,0.38500,146.361504,146.357599
1.0000,0.39500,148.414420,148.410512
1.0000,0.40500,150.436208,150.432302
1.0000,0.41500,152.426479,152.422581
1.0000,0.42500,154.384865,154.380979
1.0000,0.43500,156.311020,156.307152
1.0000,0.44500,158.204622,158.200777
1.0000,0.45500,160.065370,160.061553
1.0000,0.46500,161.892984,161.889200
1.0000,0.47500,163.687208,163.683461
1.0000,0.48500,165.447803,165.444098
1.0000,0.49500,167.174555,167.170895
1.0000,0.50500,168.867266,168.863657
1.0000,0.51500,170.525761,170.522205
1.0000,0.52500,172.149881,172.146383
1.0000,0.53500,173.739489,173.736052
1.0000,0.54500,175.294462,175.291090
1.0000,0.55500,176.814699,176.811394
1.0000,0.56500,178.300112,178.296878
1.0000,0.57500,179.750631,179.747471
1.0000,0.58500,181.166202,181.163118
1.0000,0.59500,182.546785,182.543779
1.0000,0.60500,183.892355,183.889429
1.0000,0.61500,185.202899,185.200055
1.0000,0.62500,186.478419,186.475658
1.0000,0.63500,187.718927,187.716251
1.0000,0.64500,188.924448,188.921857
1.0000,0.65500,190.095016,190.092513
1.0000,0.66500,191.230678,191.228262
1.0000,0.67500,192.331487,192.329159
1.0000,0.68500,193.397505,193.395265
1.0000,0.69500,194.428803,194.426651
1.0000,0.70500,195.425458,195.423394
1.0000,0.71500,196.387553,196.385576
1.0000,0.72500,197.315178,197.313287
1.0000,0.73500,198.208425,198.206620
1.0000,0.74500,199.067391,199.065671
1.0000,0.75500,199.892179,199.890541
1.0000,0.76500,200.682890,200.681334
1.0000,0.77500,201.439630,201.438154
1.0000,0.78500,202.162506,202.161107
1.0000,0.79500,202.851625,202.850301
1.0000,0.80500,203.507092,203.505842
1.0000,0.81500,204.129015,204.127835
1.0000,0.82500,204.717497,204.716386
1.0000,0.83500,205.272643,205.271596
1.0000,0.84500,205.794551,205.793567
1.0000,0.85500,206.283320,206.282395
1.0000,0.86500,206.739043,206.738174
1.0000,0.87500,207.161811,207.160993
1.0000,0.88500,207.551708,207.550939
1.0000,0.89500,207.908815,207.908092
1.0000,0.90500,208.233208,208.232525
1.0000,0.91500,208.524955,208.524310
1.0000,0.92500,208.784121,208.783509
1.0000,0.93500,209.010762,209.010181
1.0000,0.94500,209.204931,209.204374
1.0000,0.95500,209.366669,209.366134
1.0000,0.96500,209.496016,209.495497
1.0000,0.97500,209.592999,209.592494
1.0000,0.98500,209.657642,209.657145
1.0000,0.99500,209.689960,209.689467
1.0000,1.00500,209.689960,209.689467
1.0000,1.01500,209.657642,209.657145
1.0000,1.02500,209.592999,209.592494
1.0000,1.03500,209.496016,209.495497
1.0000,1.04500,209.366669,209.366134
1.0000,1.05500,209.204931,209.204374
1.0000,1.06500,209.010762,209.010181
1.0000,1.07500,208.784121,208.783509
1.0000,1.08500,208.524955,208.524310
1.0000,1.09500,208.233208,208.232525
1.0000,1.10500,207.908815,207.908092
1.0000,1.11500,207.551708,207.550939
1.0000,1.12500,207.161811,207.160993
1.0000,1.13500,206.739043,206.738174
1.0000,1.14500,206.283320,206.282395
1.0000,1.15500,205.794551,205.793567
1.0000,1.16500,205.272643,205.271596
1.0000,1.17500,204.717497,204.716386
1.0000,1.18500,204.129015,204.127835
1.0000,1.19500,203.507092,203.505842
1.0000,1.20500,202.851625,202.850301
1.0000,1.21500,202.162506,202.161107
1.0000,1.22500,201.439630,201.438154
1.0000,1.23500,200.682890,200.681334
1.0000,1.24500,199.892179,199.890541
1.0000,1.25500,199.067391,199.065671
1.0000,1.26500,198.208425,198.206620
1.0000,1.27500,197.315178,197.313287
1.0000,1.28500,196.387553,196.385576
1.0000,1.29500,195.425458,195.423394
1.0000,1.30500,194.428803,194.426651
1.0000,1.31500,193.397505,193.395265
1.0000,1.32500,192.331487,192.329159
1.0000,1.33500,191.230678,191.228262
1.0000,1.34500,190.095016,190.092513
1.0000,1.35500,188.924448,188.921857
1.0000,1.36500,187.718927,187.716251
1.0000,1.37500,186.478419,186.475658
1.0000,1.38500,185.202899,185.200055
1.0000,1.39500,183.892355,183.889429
1.0000,1.40500,182.546785,182.543779
1.0000,1.41500,181.166202,181.163118
1.0000,1.42500,179.750631,179.747471
1.0000,1.43500,178.300112,178.296878
1.0000,1.44500,176.814699,176.811394
1.0000,1.45500,175.294462,175.291090
1.0000,1.46500,173.739489,173.736052
1.0000,1.47500,172.149881,172.146383
1.0000,1.48500,170.525761,170.522205
1.0000,1.49500,168.867266,168.863657
1.0000,1.50500,167.174555,167.170895
1.0000,1.51500,165.447803,165.444098
1.0000,1.52500,163.687208,163.683461
1.0000,1.53500,161.892984,161.889200
1.0000,1.54500,160.065370,160.061553
1.0000,1.55500,158.204622,158.200777
1.0000,1.56500,156.311020,156.307152
1.0000,1.57500,154.384865,154.380979
1.0000,1.58500,152.426479,152.422581
1.0000,1.59500,150.436208,150.432302
1.0000,1.60500,148.414420,148.410512
1.0000,1.61500,146.361504,146.357599
1.0000,1.62500,144.277875,144.273979
1.0000,1.63500,142.163967,142.160086
1.0000,1.64500,140.020241,140.016380
1.0000,1.65500,137.847180,137.843344
1.0000,1.66500,135.645288,135.641484
1.0000,1.67500,133.415095,133.411328
1.0000,1.68500,131.157152,131.153428
1.0000,1.69500,128.872033,128.868358
1.0000,1.70500,126.560337,126.556717
1.0000,1.71500,124.222683,124.219123
1.0000,1.72500,121.859714,121.856219
1.0000,1.73500,119.472092,119.468669
1.0000,1.74500,117.060505,117.057158
1.0000,1.75500,114.625658,114.622394
1.0000,1.76500,112.168281,112.165104
1.0000,1.77500,109.689120,109.686036
1.0000,1.78500,107.188945,107.185958
1.0000,1.79500,104.668542,104.665658
1.0000,1.80500,102.128718,102.125942
1.0000,1.81500,99.570298,99.567634
1.0000,1.82500,96.994123,96.991576
1.0000,1.83500,94.401052,94.398627
1.0000,1.84500,91.791961,91.789661
1.0000,1.85500,89.167740,89.165569
1.0000,1.86500,86.529293,86.527255
1.0000,1.87500,83.877541,83.875639
1.0000,1.88500,81.213414,81.211652
1.0000,1.89500,78.537858,78.536238
1.0000,1.90500,75.851826,75.850353
1.0000,1.91500,73.156286,73.154960
1.0000,1.92500,70.452212,70.451037
1.0000,1.93500,67.740588,67.739565
1.0000,1.94500,65.022405,65.021537
1.0000,1.95500,62.298662,62.297949
1.0000,1.96500,59.570361,59.569805
1.0000,1.97500,56.838511,56.838113
1.0000,1.98500,54.104122,54.103883
1.0000,1.99500,51.368210,51.368130
2.0000,0.00500,50.917918,50.917891
2.0000,0.01500,52.753520,52.753439
2.0000,0.02500,54.588418,54.588283
2.0000,0.03500,56.422145,56.421956
2.0000,0.04500,58.254231,58.253989
2.0000,0.05500,60.084210,60.083914
2.0000,0.06500,61.911614,61.911264
2.0000,0.07500,63.735977,63.735573
2.0000,0.08500,65.556833,65.556377
2.0000,0.09500,67.373719,67.373210
2.0000,0.10500,69.186173,69.185611
2.0000,0.11500,70.993731,70.993117
2.0000,0.12500,72.795935,72.795270
2.0000,0.13500,74.592327,74.591610
2.0000,0.14500,76.382449,76.381682
2.0000,0.15500,78.165849,78.165031
2.0000,0.16500,79.942074,79.941205
2.0000,0.17500,81.710673,81.709755
2.0000,0.18500,83.471200,83.470233
2.0000,0.19500,85.223209,85.222194
2.0000,0.20500,86.966258,86.965195
2.0000,0.21500,88.699909,88.698798
2.0000,0.22500,90.423723,90.422566
2.0000,0.23500,92.137269,92.136066
2.0000,0.24500,93.840115,93.838866
2.0000,0.25500,95.531835,95.530542
2.0000,0.26500,97.212004,97.210668
2.0000,0.27500,98.880205,98.878824
2.0000,0.28500,100.536019,100.534596
2.0000,0.29500,102.179034,102.177570
2.0000,0.30500,103.808842,103.807337
2.0000,0.31500,105.425039,105.423493
2.0000,0.32500,107.027223,107.025638
2.0000,0.33500,108.614998,108.613374
2.0000,0.34500,110.187973,110.186311
2.0000,0.35500,111.745759,111.744061
2.0000,0.36500,113.287974,113.286240
2.0000,0.37500,114.814239,114.812469
2.0000,0.38500,116.324180,116.322376
2.0000,0.39500,117.817429,117.815591
2.0000,0.40500,119.293620,119.291750
2.0000,0.41500,120.752395,120.750493
2.0000,0.42500,122.193399,122.191466
2.0000,0.43500,123.616284,123.614320
2.0000,0.44500,125.020704,125.018711
2.0000,0.45500,126.406322,126.404301
2.0000,0.46500,127.772804,127.770754
2.0000,0.47500,129.119821,129.117744
2.0000,0.48500,130.447050,130.444948
2.0000,0.49500,131.754175,131.752048
2.0000,0.50500,133.040884,133.038732
2.0000,0.51500,134.306870,134.304694
2.0000,0.52500,135.551832,135.549635
2.0000,0.53500,136.775477,136.773257
2.0000,0.54500,137.977514,137.975274
2.0000,0.55500,139.157661,139.155400
2.0000,0.56500,140.315640,140.313359
2.0000,0.57500,141.451178,141.448879
2.0000,0.58500,142.564011,142.561693
2.0000,0.59500,143.653878,143.651543
2.0000,0.60500,144.720525,144.718174
2.0000,0.61500,145.763705,145.761337
2.0000,0.62500,146.783174,146.780791
2.0000,0.63500,147.778698,147.776300
2.0000,0.64500,148.750046,148.747635
2.0000,0.65500,149.696995,149.694570
2.0000,0.66500,150.619326,150.616888
2.0000,0.67500,151.516828,151.514378
2.0000,0.68500,152.389296,152.386835
2.0000,0.69500,153.236530,153.234058
2.0000,0.70500,154.058337,154.055854
2.0000,0.71500,154.854530,154.852037
2.0000,0.72500,155.624928,155.622426
2.0000,0.73500,156.369356,156.366846
2.0000,0.74500,157.087647,157.085128
2.0000,0.75500,157.779637,157.777110
2.0000,0.76500,158.445171,158.442637
2.0000,0.77500,159.084099,159.081558
2.0000,0.78500,159.696278,159.693730
2.0000,0.79500,160.281569,160.279015
2.0000,0.80500,160.839843,160.837283
2.0000,0.81500,161.370974,161.368409
2.0000,0.82500,161.874843,161.872273
2.0000,0.83500,162.351339,162.348764
2.0000,0.84500,162.800355,162.797776
2.0000,0.85500,163.221790,163.219208
2.0000,0.86500,163.615553,163.612966
2.0000,0.87500,163.981555,163.978965
2.0000,0.88500,164.319714,164.317121
2.0000,0.89500,164.629957,164.627362
2.0000,0.90500,164.912215,164.909616
2.0000,0.91500,165.166424,165.163824
2.0000,0.92500,165.392529,165.389927
2.0000,0.93500,165.590481,165.587877
2.0000,0.94500,165.760235,165.757629
2.0000,0.95500,165.901753,165.899147
2.0000,0.96500,166.015006,166.012398
2.0000,0.97500,166.099967,166.097359
2.0000,0.98500,166.156618,166.154009
2.0000,0.99500,166.184947,166.182338
2.0000,1.00500,166.184947,166.182338
2.0000,1.01500,166.156618,166.154009
2.0000,1.02500,166.099967,166.097359
2.0000,1.03500,166.015006,166.012398
2.0000,1.04500,165.901753,165.899147
2.0000,1.05500,165.760235,165.757629
2.0000,1.06500,165.590481,165.587877
2.0000,1.07500,165.392529,165.389927
2.0000,1.08500,165.166424,165.163824
2.0000,1.09500,164.912215,164.909616
2.0000,1.10500,164.629957,164.627362
2.0000,1.11500,164.319714,164.317121
2.0000,1.12500,163.981555,163.978965
2.0000,1.13500,163.615553,163.612966
2.0000,1.14500,163.221790,163.219208
2.0000,1.15500,162.800355,162.797776
2.0000,1.16500,162.351339,162.348764
2.0000,1.17500,161.874843,161.872273
2.0000,1.18500,161.370974,161.368409
2.0000,1.19500,160.839843,160.837283
2.0000,1.20500,160.281569,160.279015
2.0000,1.21500,159.696278,159.693730
2.0000,1.22500,159.084099,159.081558
2.0000,1.23500,158.445171,158.442637
2.0000,1.24500,157.779637,157.777110
2.0000,1.25500,157.087647,157.085128
2.0000,1.26500,156.369356,156.366846
2.0000,1.27500,155.624928,155.622426
2.0000,1.28500,154.854530,154.852037
2.0000,1.29500,154.058337,154.055854
2.0000,1.30500,153.236530,153.234058
2.0000,1.31500,152.389296,152.386835
2.0000,1.32500,151.516828,151.514378
2.0000,1.33500,150.619326,150.616888
2.0000,1.34500,149.696995,149.694570
2.0000,1.35500,148.750046,148.747635
2.0000,1.36500,147.778698,147.776300
2.0000,1.37500,146.783174,146.780791
2.0000,1.38500,145.763705,145.761337
2.0000,1.39500,144.720525,144.718174
2.0000,1.40500,143.653878,143.651543
2.0000,1.41500,142.564011,142.561693
2.0000,1.42500,141.451178,141.448879
2.0000,1.43500,140.315640,140.313359
2.0000,1.44500,139.157661,139.155400
2.0000,1.45500,137.977514,137.975274
2.0000,1.46500,136.775477,136.773257
2.0000,1.47500,135.551832,135.549635
2.0000,1.48500,134.306870,134.304694
2.0000,1.49500,133.040884,133.038732
2.0000,1.50500,131.754175,131.752048
2.0000,1.51500,130.447050,130.444948
2.0000,1.52500,129.119821,129.117744
2.0000,1.53500,127.772804,127.770754
2.0000,1.54500,126.406322,126.404301
2.0000,1.55500,125.020704,125.018711
2.0000,1.56500,123.616284,123.614320
2.0000,1.57500,122.193399,122.191466
2.0000,1.58500,120.752395,120.750493
2.0000,1.59500,119.293620,119.291750
2.0000,1.60500,117.817429,117.815591
2.0000,1.61500,116.324180,116.322376
2.0000,1.62500,114.814239,114.812469
2.0000,1.63500,113.287974,113.286240
2.0000,1.64500,111.745759,111.744061
2.0000,1.65500,110.187973,110.186311
2.0000,1.66500,108.614998,108.613374
2.0000,1.67500,107.027223,107.025638
2.0000,1.68500,105.425039,105.423493
2.0000,1.69500,103.808842,103.807337
2.0000,1.70500,102.179034,102.177570
2.0000,1.71500,100.536019,100.534596
2.0000,1.72500,98.880205,98.878824
2.0000,1.73500,97.212004,97.210668
2.0000,1.74500,95.531835,95.530542
2.0000,1.75500,93.840115,93.838866
2.0000,1.76500,92.137269,92.136066
2.0000,1.77500,90.423723,90.422566
2.0000,1.78500,88.699909,88.698798
2.0000,1.79500,86.966258,86.965195
2.0000,1.80500,85.223209,85.222194
2.0000,1.81500,83.471200,83.470233
2.0000,1.82500,81.710673,81.709755
2.0000,1.83500,79.942074,79.941205
2.0000,1.84500,78.165849,78.165031
2.0000,1.85500,76.382449,76.381682
2.0000,1.86500,74.592327,74.591610
2.0000,1.87500,72.795935,72.795270
2.0000,1.88500,70.993731,70.993117
2.0000,1.89500,69.186173,69.185611
2.0000,1.90500,67.373719,67.373210
2.0000,1.91500,65.556833,65.556377
2.0000,1.92500,63.735977,63.735573
2.0000,1.93500,61.911614,61.911264
2.0000,1.94500,60.084210,60.083914
2.0000,1.95500,58.254231,58.253989
2.0000,1.96500,56.422145,56.421956
2.0000,1.97500,54.588418,54.588283
2.0000,1.98500,52.753520,52.753439
2.0000,1.99500,50.917918,50.917891
5.1500,0.00500,50.314221,50.314206
5.1500,0.01500,50.942585,50.942541
5.1500,0.02500,51.570716,51.570644
5.1500,0.03500,52.198460,52.198358
5.1500,0.04500,52.825661,52.825531
5.1500,0.05500,53.452166,53.452006
5.1500,0.06500,54.077818,54.077630
5.1500,0.07500,54.702464,54.702247
5.1500,0.08500,55.325950,55.325704
5.1500,0.09500,55.948122,55.947848
5.1500,0.10500,56.568826,56.568523
5.1500,0.11500,57.187910,57.187578
5.1500,0.12500,57.805220,57.804860
5.1500,0.13500,58.420604,58.420216
5.1500,0.14500,59.033911,59.033494
5.1500,0.15500,59.644988,59.644543
5.1500,0.16500,60.253686,60.253213
5.1500,0.17500,60.859854,60.859352
5.1500,0.18500,61.463342,61.462813
5.1500,0.19500,62.064002,62.063445
5.1500,0.20500,62.661685,62.661100
5.1500,0.21500,63.256244,63.255632
5.1500,0.22500,63.847532,63.846893
5.1500,0.23500,64.435404,64.434738
5.1500,0.24500,65.019714,65.019020
5.1500,0.25500,65.600318,65.599598
5.1500,0.26500,66.177072,66.176326
5.1500,0.27500,66.749836,66.749063
5.1500,0.28500,67.318466,67.317667
5.1500,0.29500,67.882824,67.881998
5.1500,0.30500,68.442769,68.441917
5.1500,0.31500,68.998163,68.997286
5.1500,0.32500,69.548870,69.547968
5.1500,0.33500,70.094754,70.093826
5.1500,0.34500,70.635679,70.634727
5.1500,0.35500,71.171513,71.170536
5.1500,0.36500,71.702124,71.701122
5.1500,0.37500,72.227379,72.226353
5.1500,0.38500,72.747150,72.746100
5.1500,0.39500,73.261309,73.260235
5.1500,0.40500,73.769728,73.768631
5.1500,0.41500,74.272283,74.271162
5.1500,0.42500,74.768848,74.767705
5.1500,0.43500,75.259302,75.258137
5.1500,0.44500,75.743524,75.742336
5.1500,0.45500,76.221394,76.220184
5.1500,0.46500,76.692794,76.691562
5.1500,0.47500,77.157608,77.156355
5.1500,0.48500,77.615722,77.614447
5.1500,0.49500,78.067021,78.065726
5.1500,0.50500,78.511396,78.510080
5.1500,0.51500,78.948736,78.947400
5.1500,0.52500,79.378933,79.377577
5.1500,0.53500,79.801881,79.800505
5.1500,0.54500,80.217476,80.216081
5.1500,0.55500,80.625615,80.624202
5.1500,0.56500,81.026198,81.024766
5.1500,0.57500,81.419126,81.417676
5.1500,0.58500,81.804301,81.802833
5.1500,0.59500,82.181629,82.180144
5.1500,0.60500,82.551017,82.549515
5.1500,0.61500,82.912373,82.910854
5.1500,0.62500,83.265609,83.264074
5.1500,0.63500,83.610637,83.609086
5.1500,0.64500,83.947372,83.945805
5.1500,0.65500,84.275731,84.274149
5.1500,0.66500,84.595633,84.594036
5.1500,0.67500,84.906999,84.905388
5.1500,0.68500,85.209752,85.208127
5.1500,0.69500,85.503818,85.502179
5.1500,0.70500,85.789123,85.787472
5.1500,0.71500,86.065599,86.063934
5.1500,0.72500,86.333175,86.331498
5.1500,0.73500,86.591787,86.590098
5.1500,0.74500,86.841371,86.839670
5.1500,0.75500,87.081864,87.080153
5.1500,0.76500,87.313208,87.311486
5.1500,0.77500,87.535346,87.533613
5.1500,0.78500,87.748222,87.746480
5.1500,0.79500,87.951785,87.950033
5.1500,0.80500,88.145983,88.144222
5.1500,0.81500,88.330770,88.329001
5.1500,0.82500,88.506099,88.504321
5.1500,0.83500,88.671927,88.670142
5.1500,0.84500,88.828213,88.826421
5.1500,0.85500,88.974920,88.973121
5.1500,0.86500,89.112009,89.110204
5.1500,0.87500,89.239449,89.237638
5.1500,0.88500,89.357207,89.355390
5.1500,0.89500,89.465254,89.463432
5.1500,0.90500,89.563563,89.561737
5.1500,0.91500,89.652111,89.650281
5.1500,0.92500,89.730876,89.729042
5.1500,0.93500,89.799837,89.798000
5.1500,0.94500,89.858978,89.857139
5.1500,0.95500,89.908285,89.906443
5.1500,0.96500,89.947745,89.945901
5.1500,0.97500,89.977349,89.975504
5.1500,0.98500,89.997088,89.995243
5.1500,0.99500,90.006960,90.005113
5.1500,1.00500,90.006960,90.005113
5.1500,1.01500,89.997088,89.995243
5.1500,1.02500,89.977349,89.975504
5.1500,1.03500,89.947745,89.945901
5.1500,1.04500,89.908285,89.906443
5.1500,1.05500,89.858978,89.857139
5.1500,1.06500,89.799837,89.798000
5.1500,1.07500,89.730876,89.729042
5.1500,1.08500,89.652111,89.650281
5.1500,1.09500,89.563563,89.561737
5.1500,1.10500,89.465254,89.463432
5.1500,1.11500,89.357207,89.355390
5.1500,1.12500,89.239449,89.237638
5.1500,1.13500,89.112009,89.110204
5.1500,1.14500,88.974920,88.973121
5.1500,1.15500,88.828213,88.826421
5.1500,1.16500,88.671927,88.670142
5.1500,1.17500,88.506099,88.504321
5.1500,1.18500,88.330770,88.329001
5.1500,1.19500,88.145983,88.144222
5.1500,1.20500,87.951785,87.950033
5.1500,1.21500,87.748222,87.746480
5.1500,1.22500,87.535346,87.533613
5.1500,1.23500,87.313208,87.311486
5.1500,1.24500,87.081864,87.080153
5.1500,1.25500,86.841371,86.839670
5.1500,1.26500,86.591787,86.590098
5.1500,1.27500,86.333175,86.331498
5.1500,1.28500,86.065599,86.063934
5.1500,1.29500,85.789123,85.787472
5.1500,1.30500,85.503818,85.502179
5.1500,1.31500,85.209752,85.208127
5.1500,1.32500,84.906999,84.905388
5.1500,1.33500,84.595633,84.594036
5.1500,1.34500,84.275731,84.274149
5.1500,1.35500,83.947372,83.945805
5.1500,1.36500,83.610637,83.609086
5.1500,1.37500,83.265609,83.264074
5.1500,1.38500,82.912373,82.910854
5.1500,1.39500,82.551017,82.549515
5.1500,1.40500,82.181629,82.180144
5.1500,1.41500,81.804301,81.802833
5.1500,1.42500,81.419126,81.417676
5.1500,1.43500,81.026198,81.024766
5.1500,1.44500,80.625615,80.624202
5.1500,1.45500,80.217476,80.216081
5.1500,1.46500,79.801881,79.800505
5.1500,1.47500,79.378933,79.377577
5.1500,1.48500,78.948736,78.947400
5.1500,1.49500,78.511396,78.510080
5.1500,1.50500,78.067021,78.065726
5.1500,1.51500,77.615722,77.614447
5.1500,1.52500,77.157608,77.156355
5.1500,1.53500,76.692794,76.691562
5.1500,1.54500,76.221394,76.220184
5.1500,1.55500,75.743524,75.742336
5.1500,1.56500,75.259302,75.258137
5.1500,1.57500,74.768848,74.767705
5.1500,1.58500,74.272283,74.271162
5.1500,1.59500,73.769728,73.768631
5.1500,1.60500,73.261309,73.260235
5.1500,1.61500,72.747150,72.746100
5.1500,1.62500,72.227379,72.226353
5.1500,1.63500,71.702124,71.701122
5.1500,1.64500,71.171513,71.170536
5.1500,1.65500,70.635679,70.634727
5.1500,1.66500,70.094754,70.093826
5.1500,1.67500,69.548870,69.547968
5.1500,1.68500,68.998163,68.997286
5.1500,1.69500,68.442769,68.441917
5.1500,1.70500,67.882824,67.881998
5.1500,1.71500,67.318466,67.317667
5.1500,1.72500,66.749836,66.749063
5.1500,1.73500,66.177072,66.176326
5.1500,1.74500,65.600318,65.599598
5.1500,1.75500,65.019714,65.019020
5.1500,1.76500,64.435404,64.434738
5.1500,1.77500,63.847532,63.846893
5.1500,1.78500,63.256244,63.255632
5.1500,1.79500,62.661685,62.661100
5.1500,1.80500,62.064002,62.063445
5.1500,1.81500,61.463342,61.462813
5.1500,1.82500,60.859854,60.859352
5.1500,1.83500,60.253686,60.253213
5.1500,1.84500,59.644988,59.644543
5.1500,1.85500,59.033911,59.033494
5.1500,1.86500,58.420604,58.420216
5.1500,1.87500,57.805220,57.804860
5.1500,1.88500,57.187910,57.187578
5.1500,1.89500,56.568826,56.568523
5.1500,1.90500,55.948122,55.947848
5.1500,1.91500,55.325950,55.325704
5.1500,1.92500,54.702464,54.702247
5.1500,1.93500,54.077818,54.077630
5.1500,1.94500,53.452166,53.452006
5.1500,1.95500,52.825661,52.825531
5.1500,1.96500,52.198460,52.198358
5.1500,1.97500,51.570716,51.570644
5.1500,1.98500,50.942585,50.942541
5.1500,1.99500,50.314221,50.314206
